round,client_id,a,y,Delta_s,q_a0y0,q_a0y1,q_a1y0,q_a1y1,x1,x2,x3,x4,x5,x6,x7,x8,x9,x10,x11,x12,x13,x14,x15,x16,x17,x18,x19,x20,x21,x22,x23,x24,x25,x26,x27,x28,x29,x30,x31,x32,x33,x34,x35,x36,x37,x38,x39,x40,x41,x42,x43,x44,x45,x46,x47,x48,x49,x50,x51,x52,x53,x54,x55,x56,x57,x58,x59,x60,x61,x62,x63,x64,x65,x66,x67,x68,x69,x70,x71,x72,x73,x74,x75,x76,x77,x78,x79,x80,x81,x82,x83,x84,x85,x86,x87,x88,x89,x90,x91,x92
0,0,0,0,8,5,5,15,7,-0.2728733978932682,-0.332055567290088,-0.4476186582503847,-0.31351878588373217,-0.13576226878469164,0.18479476709211984,0.09598474281056618,0.38281783186470725,0.4831226715134569,-0.42230043737138456,0.137960339987736,-0.2994741010219328,-0.6553705078605969,-0.7590592167366991,-0.5735204166889529,0.17667244109726815,-0.03151026722897833,0.20620723184605397,-0.3403958899897893,0.9199540884866108,0.10202318122116874,-0.5974603803097069,0.11546186526028494,0.024700595527309965,-0.4167751606334129,-0.22909093517141654,-0.7316991817585679,0.5300890263719307,-0.2594923891192061,-0.9175287754337599,0.1267522556354354,-0.16471482324759917,1.481039232189096,1.6340227366877462,-0.22682770022512663,-0.4181468695139755,-0.8250357218929116,-0.9020160094699109,-0.8699268578680045,-0.7524757208392847,0.4571692099621764,-0.5199094621191148,-0.0879053867992937,0.5067542080152196,-0.03953635003318581,0.1964611179949908,-0.6938553930546743,0.0668432448926283,-0.650005728519658,-0.14382790839235082,1.9707697576922905,-1.0874156885885502,0.15238895060804591,0.07414386131442118,-0.3372614161230456,-0.7764039510022352,-0.010764536722157651,-0.2924659096687663,0.05980061621502858,-0.03985491124351127,0.7698950638128151,-0.18390075055865593,-0.5427431281585751,0.0453468549607216,0.07279722072719591,0.6733977676565115,0.39521040759555587,0.1560903142130204,0.7120545242794591,-0.6505763151720569,-0.3560273680658725,-0.48958403944946904,-0.2413206983680779,-0.7387427006390265,0.2732845108897634,-0.13257952476815538,-0.875154113906401,-0.5400010848561299,0.13816600874450422,0.3868517396948323,0.9225175997795867,1.4139651668238638,0.17499317238563808,-0.5536503445023802,-1.0835504865572902,0.08232041177350091,-0.4446925358274145,-0.2308678012876449,-0.32660221869557954,0.26916644774447684,0.487412461197587,0.05705610750390355
0,0,0,0,8,5,5,15,7,0.10684214730073838,-0.7584967268234648,-0.445913723992594,-0.3892302254275102,-0.24403007674635468,0.6840101598652852,-0.19449128634941837,0.4775139697762734,0.4078374083680997,-0.7835964242476132,-0.7735859817570269,-0.566434970849002,1.0467075200259461,-0.6031089493471518,0.30545032818002515,-0.523371519973127,0.3630633711728611,0.05344003786510143,-0.20508851565056735,0.7110441379606952,-0.5381658634771949,-0.21975100970854752,-0.3404174936888108,-0.27666110935078536,-0.8742170245106866,0.048071970688807746,0.6557662692411694,0.3459038761275345,-0.08411038207278543,-0.7808627649963322,0.5393797970358933,-0.2549301779104669,0.3344469398941083,3.2919752280764225,0.19919967502775698,0.38959023193722003,0.22343324314060545,-0.7906942891186174,-0.8926566513136358,0.5716116590770809,1.2705213385050884,-0.15692954108038473,-0.09073359356523404,0.587862205243288,-0.48179183926139857,-0.6196601757164657,0.09461684429478648,-0.03535509881618862,-0.17755563442440306,-0.053568771950426,1.56123378668932,0.4799854536644824,-0.019530417714009964,0.2772454567867112,-1.0652724887901597,-0.07773422477306688,-0.46844442572552797,-0.6371260853486791,-0.4956136729266988,-0.21784270435563874,0.426956889330364,-0.7274192956919258,-0.015678635550433806,-0.28637567918422574,-0.2010376684396671,0.4951828926885953,0.24671250314022963,0.6463538383596376,-0.096849760955272,-0.404166093845983,-0.1480810101312484,0.09495232688890418,0.0418708824366616,-0.5925936629775553,0.0009539282964983534,0.0926459888506839,1.1189860521118882,0.906210761388476,-0.4452125902600035,-0.17590322502694633,-0.8075688469848081,-0.33831957316154426,0.12559095754281013,0.5440455259576686,-0.38206926506343997,-0.37860853943231526,-1.1118665030415789,-0.10452213147025606,-0.5517610250954571,0.0748421772696326,-0.4840080432800289,-0.06859945334504726
0,0,0,0,8,5,5,15,7,-0.7517606184678575,-0.8502977851634224,0.34626751278115364,-0.7897875615278602,-0.7655315905645143,0.7131524644812399,1.1929050375343422,-0.5996391001479262,0.47336072924366046,-0.02034676556884618,0.5733212215619552,-0.6972504777952441,-0.1401662691626909,0.1962531782959133,0.10358876354516201,-0.2599859665446635,-0.16963461752228154,-0.8264833493728211,-0.24585643880885477,0.4745425039118608,-0.09468707094937165,-0.7204507198590958,0.12284350775414872,0.9200189574658086,-0.157533573516644,0.13765621602734973,-0.10720168517511432,0.25582969019500795,-0.38557023578926786,-0.7655287039609496,-0.1622643730242638,0.48927073561182927,2.448296717180608,2.3005372679023375,-0.3967071490504335,-0.934493500052485,0.7883741093985287,-0.04708516068479798,0.03149465000500207,-1.12614530052564,0.7813474728723264,0.16004023466809708,-0.5000649239470859,-0.37862234460278754,0.32566977317949986,-0.14606326706043066,-0.3731321459515132,0.12192165413505643,-0.30098339016781006,0.10886842072398359,2.4849436477983824,-1.5070846974580248,-0.18324800341972486,0.04353227083450571,0.10781055656890132,-0.23933231446865283,-0.9251901818183836,0.1362781867201897,0.8071376176197691,-0.8177116864633015,0.4009196250014516,-0.22848554838359075,-0.061656554762066176,-0.570740217869411,-0.20442920743662502,0.6438262773857725,0.2689824056321201,0.8438105873432378,0.5691090231585251,0.1633485514541566,0.8358156613928974,0.19320051062244276,0.36757829160833555,-0.19868510362822622,-0.011018054587836341,-0.3701800878689071,0.35504100064235455,-0.6213633558097919,0.3725842562282372,-0.12753707300493802,0.5097757006673531,0.3324684281858289,0.8781115345710407,0.3065060610828743,-0.803547474018256,-0.08501190584751742,-0.6242255844696595,-0.28232909238093956,0.7350603974726853,0.6583287964015174,-0.39504286848560793,-0.5283268594389682
0,0,0,0,8,5,5,15,7,0.20961981468368834,-0.7969940058622647,-0.23692258601516608,0.009928464884777194,0.36051721671615367,0.1943164848411313,-1.4052733013849112,0.1383275787798745,0.6935019942539646,0.01582060164724558,0.5170772401847628,-1.2354410769834967,-0.31307905878718884,0.1030375516617186,-0.9045914734151185,0.6660665930971406,0.08145517108606824,0.2842565477338719,-0.4122413975824194,1.606764376430832,0.32346376223201956,-0.3263481003810036,0.004274692830927185,0.5231222495951379,-0.6669208697205679,-0.11198632829242847,-0.2100406251902274,0.4717441966199406,0.47512090443730315,-1.4530438757868083,-0.1761255889773079,0.24632023726071345,-0.019935818830228325,0.6380126829267441,0.08597455171254703,0.043904831181884096,0.12713325714178836,0.48602052196012735,0.21981993959246007,0.16705772640648703,0.5519916467962049,1.0966566157339581,0.009468721888858264,-1.14462108691107,1.11532661696859,-0.40114638171696526,-0.1731063308782192,0.8853201817381686,-0.9761244715938301,-0.6129416438532852,-0.01819088945122238,-0.6208236220050879,0.15499543184361403,0.21736998155466772,0.09795065138962844,-0.7597579657541912,-1.2018810088954144,-0.0005427624416739774,-0.2924255062814913,0.17891190185307318,0.31998243126299253,0.004897779207197167,0.34907216084028436,0.07031472454009774,0.22783123154204665,-0.358532651398648,-0.11215092227746265,0.07604283296674434,0.39066731637838764,-0.2530653741229175,0.2244320261750577,-0.15921546470439613,-0.10518688045425909,0.36435989415116443,-1.0408211480445166,-0.6697043402561492,-0.8808436653764824,-1.1990196041765113,-0.3577231350581818,0.34250540561151194,-0.21828987925759388,0.05592897479112504,0.5123972041030362,0.6049617816473978,-0.05209631355470545,0.6252576253862816,0.007841341044803093,-0.4418882831115333,-0.3177539952650431,-0.40070636532983867,-0.48964458106306097,-0.20047652025598334
0,0,0,0,8,5,5,15,7,0.623487735525705,-0.17192372618545715,-0.38499931689604733,0.05033746323911473,-0.7374107709159616,0.1376806427739315,-0.3251718724297246,-0.9293086986590205,1.121633703421918,-0.4936248974434665,-0.5579777198276182,-0.7386981442259702,-0.3446689845354138,0.02152961061249989,-0.20841644415635008,0.09242307021162664,0.07823779170016089,0.5212953825762533,-0.2981626422537118,-0.7942807918339222,0.3228391925234919,-0.6085311964982152,0.4443704687702677,0.5835538626773706,-0.30081700245254944,0.13616595885089555,0.8417269210991017,1.425725134248753,0.009899348548545201,-0.843680538139066,0.4244990049156737,-0.6779274958753839,1.1270253449297156,1.7339625276886315,0.14177556152572704,-0.7949721670354788,-0.770236561778505,-1.2149514912540131,-0.7672691081856072,-0.48318994950821037,0.03143551362628677,0.9014456467756741,0.7474566797646112,-0.6239054990486267,0.37514565941053923,-0.375835784413715,-0.36922847206978326,0.27795423830403243,0.13459085742332924,-0.14394377552249216,2.1528722937300144,-0.794724590063578,-0.061653339983748515,1.2541129234461983,0.07135343303798912,0.6632322294950784,-0.0010692014924883197,0.2626689925280332,-0.08492908665866916,-0.13598477458733493,-0.42073558021035234,0.15092774265663284,-0.4567629764405265,0.2885016556392781,0.5054423809642683,0.17706968365490816,-0.1654695821395793,0.20463757429261376,-0.17393344910352806,0.41157877472194315,-0.9518546437985604,-0.19409975280602973,-1.0418217943521928,-0.7979300419744746,0.6376401523895159,0.4261243147670743,-0.49949108329746716,-0.7834632722728075,-1.500855333901419,-0.30395929821867557,1.1343596600573946,0.17447606955202266,-0.31199768727710486,0.17365882026370505,-0.7980065226888571,-0.2001970007472347,0.011516748335617735,-0.06623949710832648,0.3748492416793648,0.5118845040706956,0.2885853548577637,-0.3656543173341485
0,0,0,1,8,5,5,15,7,1.4178942864458473,-0.4041867171377824,-0.03893846732700573,-0.5899240987481247,2.0651734626600255,-0.12802287357559422,1.7169304771692513,-0.23512364168134733,0.12684514898877297,-0.1253816326363749,-0.16191318897949333,0.5785370722538268,-0.19841258491372166,-0.6629766576974379,-0.33807637770232446,0.15425904439195548,-0.8856026713545181,0.1797000061377306,-0.39615522563039374,0.3901333137710512,-1.4079021682127355,-0.32748103050619626,-0.9561598291354718,-0.26806981600100555,0.8841768510829998,-0.12783530089712944,-0.26046814343805547,-0.13894818110638113,0.07690290129212757,-0.6168935242106727,0.23980374663200632,-0.36596268999059517,0.011894858109538303,1.6409507611465166,0.13303045620127998,0.6392488873047577,-0.4241518916692038,-0.3320013824256556,-0.5853408418694923,-0.7699836423274623,-0.9601782791553619,-0.5115685910545437,0.7774527775519398,0.02428762337104412,0.9475456458247941,-0.555064304953409,0.2230457289602459,0.7457794333509455,-0.2548188547753759,-0.7557768547753425,0.666104980661187,1.869492958980589,-0.7888865008724065,-0.07871406784392021,0.09083146776254208,-0.5032224170518849,0.04809240583962909,-0.7551307977657596,0.611555560543762,0.5731940085244832,-0.1572530489991249,0.11750423209739279,-1.23595536474758,-0.6224647926501029,-0.1840905813347516,-0.5422625306771364,0.334853025953596,0.9763030500122627,-0.6079042810449727,-0.47492649005322785,0.08157258246396654,0.7792620055031038,-0.6576029530601455,0.07411843429259893,0.8663584628891156,-0.8473477503084024,-0.780285570077988,-0.24401484748277819,-0.27888512140829896,0.374089099624464,0.04498201384411252,-0.9304470960008652,0.22549365719804532,-0.34765072816427334,0.6196962622789839,-0.3653290876168768,-0.3565296297233694,0.24737663420446349,0.3609094220027928,0.5636115729207712,-0.8883763128886389,0.24754904374535677
0,0,0,1,8,5,5,15,7,0.6470909079255727,-0.7980135789521463,-0.22460613949896535,0.07708480288068709,-0.028165150942242922,-0.5612581675239944,1.149572098142702,0.10696647510312025,-0.9771948693459779,0.5344648834714312,-0.5113538114257121,-0.18776810159565802,0.11692937764766442,-0.5022485767992655,0.12177387301181739,-0.3386341045119761,-0.3085422963723656,0.5422858747138404,-0.6470625930777387,-1.3901631820604756,0.5946964817434476,1.4747080468915568,-0.3155603862430867,-0.8498410097209499,0.3833961731739191,-0.1813334630925866,-0.22874127947517653,-0.5950264450249645,0.26498935222039455,0.13650313203278408,-0.8608238837271723,-0.3476973093358932,0.8457183802544332,1.1918832998220346,-0.18384112523730278,-0.4492893712645366,-0.07297642265866822,-1.0437955760119764,-0.12638170020215223,-0.44908428176994897,0.5859701211231985,-0.15425630134156335,2.0638016476890413,-0.6947302897688168,1.362682301956044,-0.01259653434293806,-0.661570176982127,0.43023670803018993,0.4312647173514328,-0.5912146345862868,-0.7939455084403046,1.6332235283497092,-0.5160344185611391,-0.21589440918365896,-0.08098032311720893,-0.9062011318157666,-0.8546584602394314,0.21331386262589752,-0.3178968375471636,-1.3331531549155162,0.361427636456425,0.07196194081497613,-0.3879317938658845,-0.7027060680465572,0.3807028268984819,0.168479291316508,1.1689559259803033,0.1877490840007344,0.17425464930068565,-0.13965875306491404,0.37223633190939687,0.28624653187737026,0.5794467074924036,-0.31106108617951445,-0.2619946989894199,-0.26101976167475877,0.2556498939344226,0.716975675896007,-0.24801116155524375,-0.2445984081489039,0.08119076586859308,-0.16584681618625174,0.4438152823175849,-1.1847699297959715,-0.430879869650083,-0.4427434863791399,-1.1983999943653239,-0.5050083933822043,-0.4781318770886386,0.23900956369325432,0.510905291633897,-0.14399850181411994
0,0,0,1,8,5,5,15,7,0.6484849401946973,-0.8805934132583624,0.7876389032005703,-0.6340556789482972,-0.1297608546826744,0.16967974747990638,0.3804688497453467,0.3098865596194818,-0.656855968250344,0.15970728300568254,-0.8085666576611614,-0.20986426397525906,-0.12287235337321445,-0.800361071787024,-0.8955332476224915,0.270966586707717,-0.27819932637325,-0.6501755860114949,-0.17485903528318827,0.3802364120789208,-1.3511409384484612,-0.7110920672058118,-0.5743689744660546,0.9301455654663886,0.915508584248919,0.34543663205836145,-0.7038598185271633,-0.5979649105919295,0.19911563934351106,-0.09262176599446148,0.1607483356145442,-0.7911311706475632,-0.04155224749119871,1.175720823236871,0.37370515033941293,0.025216376911459337,-1.1905408033388338,-1.302094050928795,0.29229564713495026,0.3400102395924244,-0.848253895111493,-0.9970876377118987,0.9030233391253262,0.32255917229745157,2.2998927819085018,0.08585211981217303,-0.4129049013425832,-0.17080772610569572,-0.1692690552290402,-0.5789511343856146,-0.3528168434364271,4.008510129535327,0.8277613298711828,0.5233004019259965,-0.5006116371792122,0.3741346383406315,0.2729839141698585,0.19355325696516137,0.5682951440595652,0.26690458742540596,0.3390127363045252,0.25423020486396125,0.13940132215341042,-0.9360965273745282,0.004609417446591935,-0.2842919993882694,-0.6622656941817436,0.8185630942886777,0.84490074911253,0.6234155121371745,0.09145510673693868,0.6490164917296217,-0.04038920648928113,0.05099901158801764,-0.5910266477484303,0.17702747603065133,-0.10955800244286346,-0.6835376026695913,-0.044189470888891885,-0.07207632618076253,0.8229327372560136,0.4041405980769037,-0.02648882470662709,0.06551237041409341,0.004578842860463343,-0.15299231179619086,-0.579435586866395,-0.09871511000126686,-0.3936029474919322,-0.2855958785089037,0.21003325307753257,0.17416415374784872
0,0,0,1,8,5,5,15,7,0.3469278709821577,-0.8991677154673355,0.7657509057074376,0.38353559855731567,1.7623214593897623,-0.03661226567613593,-0.13221597959482967,-0.5557051994142856,-0.46569118729260706,-0.0014845238565194818,0.3526379551616918,0.34616788658991643,-0.08364167445722209,-0.8145185491653935,-0.2733475721935962,0.03670766647564845,-0.20376475795896298,-0.4279824992266581,-0.0003271593365727077,-0.43575188730103576,-0.5248050576251866,0.26571446856372877,-0.31392204358302317,0.29260423166549476,0.9070900477692156,-0.6079364887180393,-0.3743999208967541,0.6243479312161657,-0.6058309753849878,-1.1614656434303554,-1.0445436504387748,-0.6827407018950026,-0.16516547170216275,0.8537499391725039,0.591916370261201,-1.714704980612245,-0.18263786892753703,0.6022593276434194,-0.7724674341366603,-0.44375556293349144,-0.7143883439691348,-0.5143429574778488,0.5883505199364998,0.5708827009644393,2.33070541799966,-0.34026627875862636,0.7254835539824993,0.3506124436583084,0.7018508122861731,-0.4759681072697323,0.3941071338637284,2.073534823211494,1.5246039685188848,0.38091884757067673,-0.39381870325038026,0.43112391132992106,-0.22774555912126315,-0.2725946465874697,0.3977631904837322,-0.035238190119656315,0.10829357540826051,-0.05723032588949756,0.13729718145507483,0.16819198620063813,-1.0056845876113942,0.32709031434106,-0.5133549252768836,-0.7434947831414399,-0.048802543259662975,-0.014204286353404358,-0.382904683977139,0.3892198600872806,-0.7175033799756474,-0.2538715012471515,-0.3367280299839391,-0.04476181138843836,-0.0003188243314526107,-0.5361580190641314,0.34355042374752065,-0.0007103600850084241,-1.0218209727222618,-1.0222617863783166,-0.03837119071701572,-0.16936494337962513,-0.06923740297895244,-0.06552654766352597,0.07455793158283885,0.45063563372634763,-0.5761062696244547,-0.2464239054977279,-0.5922395831399261,0.12299015736558469
0,0,0,1,8,5,5,15,7,1.5563794821271135,-0.9863887583624392,-0.6658538996820319,-0.9980727021960325,-0.05399774020646031,-0.2734752956441615,0.22682805967822756,0.005434775755203144,-0.8159232766014307,0.3335452642326026,-0.6290362534815253,-0.6349809183188968,0.22191042306859476,-0.9602366446980184,0.0810515789718538,-0.02063133906648045,-0.17644438022334466,0.655102608386801,-0.43787328946888115,0.8463760686663087,-0.32348774037654926,-0.5924429604659603,-0.07796596302100814,-0.3990358065067688,-0.012519755497223728,0.16029466183549357,0.1440116853610144,-0.36023900400017417,0.4689113535053562,0.447583931437251,0.6045298044641264,-0.43258897162047605,0.5010902453243371,-1.2051307932752744,-0.17413181851728105,-0.8117903922224892,-0.3209918755792528,-0.46418438285673586,-0.29165597266566956,0.6872351330634808,-0.42280228356501337,0.13972622415602254,0.657894749392699,-0.10500329689939628,0.912603282879319,0.051865366748027275,0.3556072147238527,1.2555631719602072,-0.02018466010978398,-0.13454533942518537,-0.44131475980437057,1.552395861058179,0.4053218612769118,0.38826037935685886,0.06561842812287667,0.3898219559759683,0.19855406391781702,0.5724335739927957,0.08814208901623216,-0.22863014179075003,0.1369262466188693,-1.5295201247485317,0.1604484863448822,-1.8684973751248284,-0.8989328249613957,0.21968828050678527,0.21641945327166423,-0.6035596054316995,-0.37564794226979115,0.6290757062964345,-0.2781666674773367,1.0951640874547859,-0.04737572337836698,0.15361846157976136,0.764146236731865,0.0440453818779411,-0.6409229570004726,-0.08707527009950411,-0.0363962830756389,-0.714582370353141,-0.2037638817367182,-0.4140621131785194,0.4299673343413569,-0.041575347393820274,-0.1589252207654207,-0.10462628470970511,0.07333902103083156,0.28521792864708767,-0.5204099335003662,-0.18123192535796645,0.5067619535050302,-0.22763661232113405
0,0,1,0,8,5,5,15,7,-0.6074445579235107,0.20123593809669788,0.24555288452281332,-0.911433899519198,-0.10239794360539123,0.3731749514338435,0.18361841541054486,0.3021349561454423,-0.34797399806687046,-0.025604463541003153,-0.011645972677917588,-0.4452170179434477,0.41775045851822723,0.5472216456021564,0.7833907536120321,0.5854960048233386,-0.1575902260793528,0.03732463632534139,0.2566418690705997,0.2503078736554197,-0.1453899218067275,0.7142696813096913,-0.14256707653138687,0.12540348435584336,-0.4424847702688063,0.2787332006946192,-0.1322827133640701,-0.10765584988894633,0.3102484020832508,-0.23255967623032334,0.264503007997384,0.4354788231280259,-0.6777177099162381,0.5445332256753493,-0.2655509160815078,-0.7056631198575547,-0.5730640011991535,-0.5316096174097339,0.13570008761281085,0.08040985955409055,-0.10945300148180566,0.24268104830215506,-0.06544693073565785,0.5767801305540627,-0.0021673436802763513,0.1357706677625666,-1.2810232239384574,-0.06351317107803889,-1.2650997333091043,-0.24486741145716057,0.26502038040208714,0.29901066040246416,0.5289943251956777,0.05666358427446591,-0.2903669769730983,0.189205532464861,-0.31078810924124917,-0.028415880858539553,0.4365306690180605,-0.32966665699994446,0.37184493777360794,0.27447774752400744,-0.5083902904130533,0.442656101591264,0.31208205142706585,0.044766923722621914,-0.4035069443755595,-0.4519482246495193,-0.288428209781833,0.21510244363534853,-0.5139641853916976,0.19246005556322837,-0.6672935612293902,-0.15243391908029655,0.010532914769565548,1.2010968963106896,-0.8284087944152557,0.7037957389927076,0.05633029201304659,0.1733744147556233,0.9428454622130741,0.17939734291781548,-0.10905409643336897,0.668143806242281,-0.24576291830399688,0.5145819666912069,-0.360405548278763,-0.0533150943984457,-0.5565350953107852,0.31516389558682883,0.6769853242670321,-0.06014626612919581
0,0,1,0,8,5,5,15,7,-0.01641259104690064,-0.36623732504565815,0.012811342824996644,-0.9424734007516086,-0.673577794696608,0.19525385547157964,0.6536569738037659,1.390749644879496,-0.0003483315974641965,0.5265255372836191,0.3250918883207331,-0.27944576195431325,0.19876987967144005,-0.16145736789497908,-0.058596410882038,-0.27607451234294844,-0.8017779651636863,-0.910848046448871,0.19985287481909136,-0.020579560962657478,-0.508816465590583,0.23748941751896338,0.284540372939393,0.6079182482225808,-0.5632757056713608,0.5749244896522229,0.655813392526768,-0.046660763723830656,0.4620405366542009,0.5720228520729908,0.4514285843847378,0.5598525251478812,0.590702046039681,0.08321111675547851,-0.5638473814765715,0.8355937282104395,-0.6862032329209157,-0.3731439865423759,0.8934339452536587,0.8528809846651361,0.8851073724735363,-0.20300712628273052,-0.6109435836876471,0.09570493505721933,-0.11993229337708042,-0.13280230806854768,0.33979368632861506,-0.06183039513511571,0.001022534837094774,-0.5869839823545996,0.5543283356955984,-0.22220120189955758,-0.43972954030714145,-0.16263862093914416,-0.13227431153225924,-0.18845258847655602,0.8388413305547494,-0.07694255629080492,-0.17848554455099225,-1.0995064628103035,-0.4780980578373812,-0.1957596490503202,-0.37392071993596393,0.646562834171462,-0.119670008956796,0.6380261046954194,0.008507101663450624,-0.003731297150945962,-0.06399514518657223,-0.054296662199901924,0.823245899833931,-1.1861014321223158,-1.0471886690095333,-0.321985042388929,-0.037027021548654324,0.3235840361632375,0.09679263235866559,-0.22433450069264416,0.4909309316402877,0.4828861573240072,1.0483022685938868,0.4383627200636196,0.10411108746370429,-0.33962279787788996,0.33138107330836664,0.0037712418909218795,-0.037552064795008055,0.7132876148969849,-1.2459898834357188,-0.42929262349197833,-0.6391128673834199,-0.20309850000317156
0,0,1,0,8,5,5,15,7,-0.044377382063698706,-0.5092349095458724,-0.24116701435876634,-0.5764971101526298,1.0115732447007515,0.7459997415549104,-0.2075563764325423,-0.19564743088865486,-0.23953702940603158,-1.1451897476517343,0.10282826662515586,-0.7027479302031382,-0.05995261202264092,-0.9925185342566973,-0.49478150284327616,0.0024056167218015623,0.08038166362770774,0.06970053418317712,-0.7870140589000407,0.7497022140169279,-0.6108778640634248,0.602628650247893,-0.11824509182751733,-0.21784421900175666,-0.393347089641471,0.1444598828596318,0.17270333127325155,-0.2978167662110068,0.7410982262826822,0.4553519091184278,-0.24194813201739543,0.6317639638536717,1.5147384211054729,0.8036231304737407,-0.6291784846142985,-0.2290128476334553,0.3479958572952524,-0.5576671167585813,-0.6967072584778005,-0.06682435431406308,0.303291254893647,-0.11836828774463258,-0.42753552129727457,-0.27928899083947767,-0.4315142752163913,-0.6120514805680238,0.9137698855882951,0.28811976378685566,0.26838482613800196,-0.42019723552354243,0.1497146073031732,-0.5805324676775534,-1.3906770386244838,-0.7337285782756509,-0.9454957782648458,-1.1782669127838117,-0.6445087777281437,0.6347582845539503,-0.07875557331450062,0.5945008971553544,0.17449690660279513,0.32705647603543586,-0.4814428794999301,0.21768451457889892,0.32715599577848625,-0.29451966608055324,0.2574249699463498,0.2607486639256822,-0.2943732318953632,-0.617579004146129,-0.6282157676401348,0.01695670221402429,0.11708913760446349,-0.4466625420898293,-0.03099829185438945,0.263800341850474,0.16934439067757842,0.7437285158088852,0.6198995011184283,-0.5328572606306303,3.4548716106843713,-0.3084543184576584,0.49022486197485365,-0.024887971460903685,-0.22360203542011947,-0.9553837492858833,-0.12400424328042561,-0.8028807888506067,0.46309579875571066,0.7372483064854989,-0.4440331488445799,0.1295171950408668
0,0,1,0,8,5,5,15,7,-0.27245767414726435,-0.1892212880587337,0.3500939743135604,-0.165345401812551,0.6526852196283115,-0.05268263296659775,0.4945883749816314,0.0348509207436356,0.5873418818421828,-0.4147033697040743,0.14431947968337663,-0.2615713782305927,-0.4355559036145296,0.13862515755591767,0.21133022910103483,0.22486941652316947,0.6657596916945614,0.5856369554303216,-0.31424191174608984,0.42179158209628337,-0.522572360391606,0.24617394434117545,-0.41280047807785314,1.3715953830580887,-0.05339916217939564,-0.14723655222446305,0.4630299269641405,-1.0998897763886772,-1.031842516450489,0.3500157312890551,-0.08338684975883498,0.367599217018382,-0.7410868096293934,-0.1882360253429559,0.9865761609976212,0.9163762435324537,-0.13082120141290077,-0.12433490024933433,-0.13481048544269214,-1.2060455887223394,0.21465009827743575,0.3555716198018426,-0.7657210362827681,-0.26822736238574385,-0.6018226224995817,-0.6549722636429343,-0.20030573963878567,-0.9771721681510844,0.13214051811416463,-0.005214137133253471,0.10828759357389683,-1.4641097319846468,-0.5630321841660776,0.5717270271996305,-1.4291835786389346,-0.22713672990476755,-0.6368296798127219,0.3745655956555532,-0.3940944655340541,0.15119602636257307,0.251735827736904,0.8538899830428662,-0.13246535368532764,0.1437312222938692,-0.7797288608224047,0.5890107616831652,-0.4025996393974157,-0.3027222974056071,-0.030720818754927125,-0.8376369606805563,0.07823341277347037,0.4574370677157988,0.10005111495845187,-0.8448484089502346,-0.10619560968226856,0.34954627527097665,-1.078745349638026,-0.569594551161216,0.41968088706016654,0.10283617284628499,1.414077437239266,0.8867813376318547,0.20206484500074118,0.2700627207301416,1.3378454174175274,-0.15843759844366234,-0.4371633699814991,0.19070902792576414,0.19894169552877192,-0.07510630399235119,-0.5617761639736586,1.1334540348262703
0,0,1,0,8,5,5,15,7,0.2373183475904157,-0.22701837016714338,0.39761775558734724,-0.200648846671512,-0.34357952449611,0.3125701491883056,-0.6455032988567151,0.1624578162233308,1.0622922572693487,0.04196429005955443,-0.057002099511233945,-0.45737457879524634,-0.22269733286419072,-0.31939694875884916,-0.3026975400672832,0.3862477896076695,-0.9693276868687526,0.2919645800182369,-0.31661282939280266,0.4244437343353317,-0.7742659708629316,1.0095368651981986,0.5098917265675158,1.0212508124801714,-0.9926256252476467,0.37633854736077443,0.06864818485380647,-0.8764757304250821,-0.036939910903251896,0.13538220630446307,0.1644165630940564,0.3289083488029161,0.37819931617924857,0.560186526208775,0.5978384107522902,-1.498568451647678,-0.3081715761741469,0.06769093565957235,-0.9568098329774101,0.3355959165926986,0.7550018656993436,-0.6104538642343795,-0.06671712382219779,-0.48815904557032974,-0.4160474239723647,0.566400150846465,-0.4983254631056483,0.375610514021925,-1.110603759094861,0.3648728829367918,0.651199973909653,-0.3150053983175068,0.22295038383506466,-0.7496336543256229,0.5510789326016802,-0.21536741155622302,-0.14886404810330975,-0.2735473626196073,-0.34686319083511574,0.29655432180897157,0.09695904320446891,0.2616511338793762,-0.03539172659042826,0.21230894302115405,-0.24662549322120586,1.1086699007410674,-0.8063104235769827,0.6081234464197579,0.6643568040301636,-0.4822741909934284,1.078485203586988,0.4714490727259525,0.43915370662126185,-0.036388533347933724,-0.15290404162677698,-0.12617258973857273,0.0555143315046866,0.668381593264589,0.07206619395011638,-0.48793335582100344,2.0760207043044487,0.4176093070175951,0.2951182199715329,0.3138681687760432,-0.15299141127053972,-0.5160299029637068,-0.47231870349264143,-0.8409207954267313,0.09792048660729935,0.10110522276205197,-0.2655715064610892,-1.4992775883913037
0,0,1,0,8,5,5,15,7,-0.5253150065643232,0.4477631072646416,-0.13346503294409612,0.03421956793757597,-0.9124815163248226,0.6190496221244666,-0.07434021509148762,0.1311644125065122,1.2377983916259938,0.5670955092556009,-0.014077869782047475,-0.500432031016305,-0.18029985195140194,0.06253351450330916,-0.16640634081358283,-0.2695300034313497,0.6308674900902602,-0.19614039107674858,1.0230249796971376,0.22958654024064468,0.681887181349864,0.44148578992556814,0.36855453310630315,0.12788375841287342,-0.662127848644583,0.19163098933524175,0.3604972622686096,-0.22619217492222826,-0.6679878865596928,-0.7229409897808718,-0.8271892749106395,-0.699298237026573,0.25244364132048897,0.3859027909362398,-0.021886437665454145,-1.1016837353309359,-0.26205306336334205,0.06898697810840106,1.3732627690494292,-0.7400545696432607,-0.13880934760380037,0.7857564058331977,-0.02519504885172319,0.7905381677639327,-0.11512939046954701,-0.007324896909920248,0.1617582120895322,-0.2999263711230646,0.2640345883897326,-0.715317164999539,0.4767794078301182,-0.1343849953492124,-0.3729694152609367,-0.056066577514541124,-0.35145651460742494,-0.5892256872388801,-0.2236366613859146,-0.5797138728226958,0.10486124258430066,-0.6258237310814144,0.32499412964788316,-0.6549624707865538,-0.3141418396381457,-0.356592666625026,0.6253722431787327,0.15894895284458913,-0.1282121166339305,0.22701450517312738,-1.0731930949951658,-0.07776158283108521,0.9626054872113827,0.03987718445462968,-0.012459212205526163,0.22366456296022597,0.403511659139734,-1.0202015226636985,-0.9809142075505854,0.07293410129071423,-0.3760291959293483,0.6238010868575988,0.24709238458449057,-1.0102314340363598,-0.6662185026743586,-1.4337192943017358,-0.13459011483309197,-0.14572738303060867,-0.2504533430632004,0.5162503483170671,0.5787060990926712,0.06654415630375918,-1.1129244879346627,0.28717261402736044
0,0,1,0,8,5,5,15,7,0.34802780384013354,0.15228897317398105,0.4196430279949165,-0.7284903191213647,0.787238891755375,-0.21955291421213652,0.3701339860464422,-0.8575296329419312,-0.14645838005639125,0.5670597823235671,0.014066684632527693,0.21613936398527364,0.10095034816798701,-0.244894687735045,0.5681308887781975,-0.19023734325556402,-0.9930921890459963,-0.5406554911636827,0.14882629752932497,0.43708084430604927,-0.9943011408802188,-0.1911013236026137,-0.40378642811954407,0.31838657596425723,-0.9232050316516528,-0.3524075422319913,-0.4980846015938117,0.06279550720240482,0.37976943647727773,-0.11858504823747232,-0.30964097175288474,0.3091692712948484,-0.388326016306071,-0.7500352110014933,-0.4852891486659082,-0.038159704104172354,-0.6161797399839175,0.2963214547996972,0.5459607296646032,-0.8301661307016567,0.08788598392038263,-0.1771378320722522,-0.06484981357783914,0.2923748145202388,-0.7151254284113591,-0.8034913156671353,-0.21233476525724942,0.6765763327688471,-1.2820883865858688,-0.14147770751313035,1.0244604849837233,-0.3002684150954825,0.21027837684833767,-0.39625848030061883,-0.09986953791308684,-0.8638317829620837,-1.2190009447885293,0.4436633454757725,-0.5490349533245443,-0.27854490650694796,-0.7242155084827392,-0.7692077883640817,-0.1179132318949507,-0.4090795595852597,0.15178437773866255,0.22007318952608915,0.1380796078005702,0.09695518010248756,0.7692871811356213,-0.5899916725330745,-0.06361903479245751,0.5400488415130877,0.5858541078788243,-0.7612814515331585,-0.20046868334537374,0.6575923717148615,0.11428858594446065,0.06541997148752732,-0.1274332616979218,-0.224112007106231,1.215468979649529,-0.1691531286720427,-0.0535008547745822,-0.019581931428929424,-0.3565631104383853,0.21452936754230217,1.4189003360354584,-0.9116824908608399,0.14145244292931441,-0.16791936942503438,0.24312363456339017,0.0018105604451616915
0,0,1,0,8,5,5,15,7,0.4480681643047662,0.4676686900771072,0.15451140457099838,0.41994987331624434,-1.3892877482315331,0.6721139233580624,0.18395463830779263,0.5250658921373356,-0.2695820259906897,-0.6065094818417688,0.26480745684380813,-0.21234088324985684,0.12400694781335875,0.34984197073002443,-0.9964044313395719,0.4150016049290407,-0.09858218028529746,-0.240926375750104,-0.8623271840139672,0.5102970391959101,-1.4178259412780183,0.611714607829339,-0.8589786712549167,0.540602276037282,-0.29483265601483727,0.5465470854746899,-0.22310694347099305,-0.5164121563585907,-0.27809256700344565,0.5874112115285535,0.1545274107729278,0.031323121929258374,0.013082826581145401,-0.9602077152104963,0.17905855622272074,-0.7741747555928975,0.08109484902816519,0.27292172436654394,1.5494385961833752,-0.49251729760430574,0.01821513641086303,0.831973916022447,0.24585301897390813,-0.29830739331700784,-0.0732788338553138,-0.1712969880310089,-0.0860686193526572,-0.24106537311774567,-0.21965490241473462,-0.7904553379708894,0.35389305443508534,0.0012548597185400578,-0.17853257748682472,-0.8522493851441116,0.4540794931510828,0.1288874951883932,-0.4098368394295808,-0.1680197785558971,-0.8068721908532428,-0.5634860478941849,-0.29990005502621225,0.5499874693179319,-0.35074607729138035,0.2758158671469429,-0.3063592226894766,0.11777776046223062,-0.09304296643363447,0.41418308468463744,-0.2870025904396007,-0.8424589130118519,-0.727126117372815,-0.2922348157180853,-0.6709457821292203,0.15470638097890357,-0.27717504494647766,1.165835098794447,-1.008608264223638,0.06960504510254156,-0.5825674267334279,-0.27891221444369757,0.9798726433323081,-1.2056517536169444,0.08620151414165364,0.8925724466506357,-0.2442464953759321,0.07836860900433777,0.4742388583904481,-0.1051659212113005,-0.3110339134314171,-0.7703936474282471,0.2749177055012519,-0.07805238108321738
0,0,1,0,8,5,5,15,7,-0.4116421166012232,0.08572761499720519,-0.1062664840049325,-0.41028933644860754,0.08600677671715973,-0.3520694620016809,0.5184623106685815,-0.7126988672944572,-0.03270800500382834,0.7703485559941877,0.8696699624706955,-0.15501994233340521,-0.4877924539422443,-0.45705176308490525,-0.07715661639529905,-0.053146314759814656,-0.1481586000772424,-0.15445170222992233,-0.23395712167407917,-0.8139365992078628,-0.4690273868429161,0.767413618507876,-0.7970929022939794,0.41169835517175446,-0.6451252017362991,0.017453226526803672,-0.328095949497457,0.34173909489472276,0.22850035807728275,-0.6988278202242086,0.2219929319893303,-0.1743420800093478,-0.22255413619895228,-0.019709659864211887,-0.26105225406811716,0.9612934699901253,-0.4745733382053591,-0.2502229183522072,-0.29333257908657956,-0.12190943548011407,0.6734591810647546,0.24722821236606715,0.43542815088335896,2.2639136082002516,-0.5533282674204955,-0.13708710257490808,-0.8151467113714522,-0.2829912446629987,-0.4900359561922021,-0.6098636211544017,-0.40094034875844825,-0.2958976662525034,-0.6731820803580862,0.37633953971709866,-0.4990632069834055,1.3514094612401881,-0.27252151606129,0.008289265821661007,-0.704208081695341,0.802264895058587,0.5287559585538155,0.08423499854591249,-0.7043956562374254,0.06104247634487366,-0.5979166442673142,0.7249816117729736,0.38225215056485295,0.02537430388213378,-1.237784752953983,-0.5479027773401468,0.3077289641089376,0.5801457771148713,0.5081691089558719,-0.8464061279815998,0.10648519088901326,0.4862894320226961,-0.9689187494461946,-0.036163801938977225,0.1183302841736347,-0.18259383667572573,-2.2195944532893055,-0.20581512121666537,-0.19586425937987212,-0.13291748676032522,-0.2992630589041705,-0.2730413960191506,-0.05807512934574047,0.19803813128705333,-0.17276720059400913,-0.02856893827820403,0.000599364930994245,-0.9819261391663595
0,0,1,0,8,5,5,15,7,0.3100816617498769,0.03942472939267747,0.1031934003440318,0.33429088290638725,-1.1935465663613185,-0.5742803037337478,0.13356933147129,-0.01741421329951328,0.32137729865185943,-0.4221880786253237,0.5843150625796201,0.26249748291443464,0.22446380078412748,-0.32282983893725026,-1.1676389674953487,0.3127101730889502,0.5081411978445354,0.18324376080415986,-0.5665907805052754,0.6265459067321169,0.21949283821822305,1.1441558006750876,-0.5509807156323996,0.3921256290841548,0.13838778822085054,-0.009516952453173095,-0.6924431599896854,-0.07825178870155214,0.2645395978897392,-0.0022504448640837116,-0.003828610227546936,0.09842440390255891,1.1995539246919669,-0.626965261774111,-0.3088389255849392,0.38434382668550665,0.1273879170513568,-0.8649416994976307,-0.6892931261966265,-1.1426228113097467,0.09201120605184873,-0.6263228430423563,-0.330285252642474,0.8753143778883216,-0.40442795540108767,-0.05665565486687024,-0.3767155069255968,0.4871120935618399,0.06256933260963704,-0.48792569500872873,0.1607190019902186,0.29811622186787123,0.13186556396216575,-0.7432049687272835,0.2876225923110429,-0.595680335026127,0.6594272444014107,0.48432986478364737,0.088405248496877,0.027835437712863995,-0.13551050986135255,0.2750390388778703,-0.21638346657867336,0.07349397280251047,0.39876606200103887,-0.2870992917265016,-0.3304415853570807,-0.6195279557239638,-0.5518332943934079,-0.9703924437313827,0.3287627928167662,0.8781612022946788,0.6662486749449589,-0.8634418711741303,0.31813637326066124,0.6895849987430095,-0.368155957024404,0.01851217107266568,-1.0225374403829286,0.10115653973596248,-0.9539793926044803,0.05685144277595624,-0.8128130053468002,0.21254782775234984,0.4947289915217092,-0.4431252502560008,-0.6066832788774688,-1.1012006924727928,-0.15376058620326405,-0.09692214019735909,-0.8210873603702622,0.20504120193731706
0,0,1,0,8,5,5,15,7,-0.13902446375286837,-0.35207952835837,-0.09648592012965512,0.3895759985739631,0.08432967054041673,0.07048032996191815,0.30538837673554897,-0.5943117639286248,0.26279085854404355,-0.11746337579586567,-0.11470430229604212,0.013907229397583598,-0.40774407351386166,0.06249474415310027,0.1621351120774987,-1.530487871278147,0.49242971649079786,-1.6628517278642072,-0.43479407959958477,0.8658942858917889,-0.36941537838872,-0.6249527856115917,-0.659794284376756,1.0569574648825264,-1.196000502625196,0.5262735623087567,-0.16133040848519264,-0.7133144472269006,-0.3163487551691897,-0.5522340785384529,0.3194915266117453,0.6224096297977394,-1.012852988137979,-0.37841522917743986,-0.4467713753751883,1.2234150874557284,-0.6841226796703141,1.3055448635913687,0.08394807512785171,-0.5353672088374779,-0.2950602386504589,-0.46797935482330966,-0.6556799304982625,0.38553700967306537,-0.6287775458847565,-1.262479770607647,-0.4168847884738223,-0.827612635110784,-0.5510751350981276,-0.5604328839267998,-0.28604951031168174,0.7767260738027009,-0.03661708758009735,0.07796156464594832,-0.9283855864457957,-0.38035659062646887,0.06082202439166359,-0.5399840115933683,0.3974939322966693,-0.6521292769557477,-0.17417744978023034,-0.3572487568099231,0.05116594784331546,-0.36453599844514945,-0.17264793479415536,-0.12426106585269958,-0.3895390940573839,0.22020171888682205,0.09959726608839088,-0.10050176063721514,-0.2513807684219777,0.3719759465132919,-0.16433291869728459,-0.20374827077384067,0.008054052426624235,0.8268251652666566,-0.809929070665674,0.35271690227531827,-0.9651764955996459,0.07642503486195368,3.2807362516950076,0.20136819605385253,0.0531009950175363,-0.33910601888798586,-0.0020037459473585626,-0.17756672710009513,-0.4312102921379292,-0.16812697893523715,0.07863676114754425,-0.17071280081454504,-0.44871856453857684,-0.7015898950148559
0,0,1,0,8,5,5,15,7,0.26826702879084996,0.23819912324165418,0.16769621228079723,0.3365089754734882,-0.1732049827968306,0.25303130120419337,0.14851379588906427,-0.05962579544435933,0.023358551562837254,0.9159517668568546,-0.10368116784793974,-0.5367607941413435,0.19947756553341744,-0.0664884020874561,-0.816190047493311,0.4894311963522554,-0.14982042293967762,-0.6945009927956904,0.46762249035541487,0.5937851534923487,-0.8430430117364568,1.2718628845943072,0.2164729306646756,0.5068376646878563,0.5598611654600126,0.0414269037425683,-0.14782089651606395,-0.5030397994236766,0.26613400063569514,0.1911517870805371,-0.10628100387266337,-0.18244900856905194,0.26658981465326104,-0.21151856279884174,-0.6819157035701503,-0.5857531325920734,0.013145440459903207,-1.6378761599703844,0.22848719529584816,-0.061200321815523706,0.7874348533764411,-0.31390403901602226,0.051396934747571316,-0.03956739577583046,-0.1154493573228,0.19612159922147307,-0.45832441121202583,0.6594575973134813,-0.671843639617609,-0.15854994278239506,0.8546834638609042,0.10626326890279147,0.8933995672028224,-0.426443598507048,-0.7297610639489424,-0.5505425780555676,0.2833919926951261,0.2212419119978242,-0.005409159638615511,-0.6122595085587976,0.35243926481688787,-0.676575325647414,0.5484804093408073,1.384428249052496,0.14602445202708855,0.2853580478651648,-0.2687750998095131,-0.9274518759051424,-0.3209566028454329,-0.6026424085600062,-0.7596538898985065,0.834883902251118,0.09001546222269258,0.13944416344611976,-0.19880214511556354,-0.10790371744048685,0.3425243744645947,-0.04838010359996677,0.24675605403177295,-0.13021369317486622,0.20379501590875737,-0.746423148980732,-1.0210860754359241,-0.18966223501964902,0.010720999804980664,-0.6946003377528124,-0.055459420689567954,0.0036871102974487847,-1.0985578221953651,-0.22951042262266663,0.15805429267149945,0.17206118847910318
0,0,1,0,8,5,5,15,7,-0.4799480223557074,0.09732568983546977,0.43339507091627394,0.24246020860460438,-0.26478169484416164,-0.047697398506739264,-0.3158299054966566,0.22005410571957315,0.33197463853111364,0.12357746201199923,0.25613929453552664,0.2055600365925956,0.029768920287214045,0.19992874833088456,0.3216171114951722,-0.47417124604202066,-1.006795158699634,0.6327109828194465,0.0015597985346087195,-0.9994677372484256,-0.5676817643718552,0.683929439078158,-0.25276416908486726,0.2406284804956006,0.46519269280560627,-0.5618655613641572,-0.5328560378414648,-0.15856462662639123,0.17043624700909699,0.20097520289564264,0.3419979484669544,0.3401781965374343,0.5153071274680486,-0.3062237995753144,0.01617060741530736,0.44750925876457825,-0.1142959081937762,0.7235326376190108,0.44025634617782217,0.3009505964347492,-0.36694512046004246,-0.03333430540772962,-0.19994275856493096,0.4705635790043836,0.6852591227559549,-0.43418305550917025,-0.01590204348705601,0.6976552852800199,-0.1259937440146759,0.523639262651628,0.027567123201747756,-0.06171086583235244,-0.4642257436113737,-0.22048630742336434,0.08428051692368053,0.36977700734585695,0.1127181264326947,0.6018378695305029,-0.10402014475865927,-0.21686524892473538,1.3209981717920507,0.1328958878988716,-0.39073515483691634,-0.3914228436414709,-0.5085410785243569,0.4620886579646872,-0.2045338618083543,0.041336022466508526,-0.051351258549456116,0.3095514159598358,-0.45952364813300867,-0.5640822118182144,0.06573285680060323,0.25008001548907643,0.1219751940313816,-0.4261950407674325,0.1989914543906249,-0.4041420078001762,-0.2793602373737851,-0.5041883066133594,2.8411191943190084,0.27374470433387355,0.27028514358707656,0.564724426084777,1.388797277927726,-0.9061483713534947,-0.4074102786108056,-0.33127671328506414,-0.4459636303570219,-0.2940924941899836,-0.19540418622391761,-0.6297700338634712
0,0,1,0,8,5,5,15,7,0.24129046522730913,0.05845475573661037,0.251486438375482,0.10778795492828153,0.08436462537614386,-0.014628159227641657,1.0527904164399533,0.10335977250579348,-0.5427772714069429,-0.6923124139222097,-0.897836170042866,-0.19515462400547165,-0.07842995821830286,-0.4266284586846876,0.8916687825121099,0.20258350610884154,0.26032604545890625,-0.6045721891588818,-0.6263420124870283,0.19286455101535588,-0.12426844593638676,-0.8531094840164524,-0.2030792649431878,0.5197104759313549,-0.3428228202364415,-0.4449171943455902,-0.403546949924618,-0.31199247002344443,0.020608792787179735,0.25494336737581824,0.4268070286579166,0.07958154965068476,-0.13894111037866688,0.04220866684938032,0.29024391400237737,0.0930879896440917,0.0951465030199031,0.8684221201366203,0.886241298317824,1.5033385883551298,-0.39817939939895025,-0.0602208297728288,-0.18557696139686125,0.2187767197355464,-0.407381747522772,-0.9150776678540883,-0.18070683003523388,-0.27807742597575336,-0.13199796069055486,-0.5220175373046868,-0.4313185086298131,-0.10660629680392712,0.01063789223836524,0.24491704580874873,1.0527454449341642,0.08526974179741548,0.1957115929529724,-0.5665002195705278,-0.6999912097305107,0.7406337393814342,-0.49273427181429436,-0.5861949725564648,-0.050543842455919016,-0.08938716920613066,-0.4884543744803325,-0.1586826293202568,0.5923426434633188,-0.4253420197776331,-0.7164331635134076,0.41510202243926464,0.20999685427801973,-0.3365553790710374,-0.8374993048536529,-0.42271130508015364,-0.07164318094207442,0.5613678687231408,-0.6580419540899005,-0.07447148500809578,0.31898141496685556,-1.2228452143133186,2.412017816607195,-0.6341913522830197,0.13378620247610717,0.06446029031892392,0.5247658495402868,0.22392687104835318,-1.226867234037242,-0.4155787947757979,0.04854874551096452,0.056768325881458276,0.19322771068215042,0.3732151016160839
0,0,1,0,8,5,5,15,7,0.37374903331041254,-0.038394475697568556,-0.530531798652112,-0.37381689531825335,-0.008954727267716789,-0.2653690860941186,0.3114439259217191,0.44034086289839686,0.3029647384607681,-1.7230144741952989,-0.6128427154035955,0.7392726406969156,-0.29079624270582505,-1.1844872212994566,0.5038294204669889,-0.06523013515777744,0.44974710921460176,-0.0005561075781475022,0.10251000128456228,0.4149539550004502,0.13797214019800033,1.5644221198420245,0.37257741446117326,-0.326028321168225,-0.011917479711425344,0.5325183958793569,0.467571044304025,-0.4106876029645853,0.5576810035762196,0.4156561025723661,1.172637644667346,-0.16131023722724064,-0.17439866977581073,-0.32967869414774975,-0.26028961922243743,-0.20512521493345348,-1.1983861952438797,-0.12128768631949474,0.32775954267793594,-0.07169721105338622,1.1293451997088528,-0.060482028081153105,0.2822795893868266,0.529555296465428,0.1572181022509778,-0.0326758892717714,0.45734576290204565,0.1597948750906012,0.07306565298002551,-0.13459777774641907,0.08464259038627553,-0.021264317530037574,1.0523702519339582,-0.17992241089943878,0.16954600815197574,0.5755144516267134,0.5232973498930478,-0.021861346277182475,-1.2482318409410043,0.2075704253190004,-1.140731511159169,0.6707456786484718,0.05374255374898776,0.45554604741855803,-0.48825669034921226,-0.782449756613734,0.1080319767088502,-0.03914693533980527,-0.2653673344089046,-0.013864147644249605,1.3475663443251313,0.39096670493782226,0.4783335061414655,0.37156881891580573,0.6954401094086576,-0.11650401266914112,-1.167131620492719,-0.12650461075536396,0.38727694001765745,-0.5171117418098952,0.469863850276768,-0.3888509376809576,0.7188030816692051,0.3158472232168338,0.3082429641303438,0.2592653371620687,-0.056846614448314986,0.07558897006594953,-0.6131461094318343,-0.7348964846704229,0.02946291097627724,0.14052695191730344
0,0,1,1,8,5,5,15,7,0.8832543499426246,0.49216946528835265,0.07970595340653402,-0.16475372318897405,-0.3932713188120791,0.3261255637428484,1.0063237917852275,0.7261938161217026,0.7729346125246904,0.2156695547412349,-0.7326274162184032,0.1906320031104944,-0.567857978308816,-0.31163378522511004,-0.17118324818910863,0.7245481136317901,-0.2800717867440997,-1.358660264474138,0.125452757009712,-0.5332839431476937,0.5340791603081129,-0.48613946087064963,-0.24977775142730493,0.6440437707539727,-1.0016806765272306,-0.2967291006494321,0.20823959759464264,-0.18950844198759273,-0.8291945736528301,1.0305822537384248,0.44792624140325044,-0.7197932790048402,-1.1610469099532785,0.17636570343163532,-0.8451224849128938,1.1476479653091765,-0.8243367185140287,-0.7583794161418499,-0.4295320602306485,0.2106932424367593,-0.6600465105480483,0.2271817046684909,0.18019367482214582,0.3472354949580979,-0.21596020398301205,-0.5210752695367065,-0.26711201326671546,-0.9194606248391267,-0.029628112130956175,-0.6066125560686655,-1.5290949343166866,-0.491612913377076,-0.5153398857923588,0.7431148562336124,-0.8915757442213033,-0.7740504236750348,0.5081555309737575,0.6506620235951165,-0.42902895882514414,-0.3668238954096882,0.2771233164290139,-4.196557101664497,-0.9615912241004206,-0.1846576629427924,0.7377441618058763,-0.2240610640470766,0.02812318050584393,0.5445494209202717,1.0338454453087513,-0.34461902458478777,-0.04456996355771166,0.8847315419247146,-0.8075154343859081,0.4633909084160388,-0.5534487286980679,0.029768007332809685,-0.2610604903552091,-0.5112173446029736,-0.5101418788097309,0.10599563787451896,4.128149457908179,-0.10783416777405264,0.002845035114248079,0.2267057486590755,-0.5033367326981156,0.3183109348080445,0.37144956035762194,1.2786239781774027,-0.20860591444546667,-0.9387272195659058,0.338905281590638,0.3880839082373004
0,0,1,1,8,5,5,15,7,0.30672750978255886,-0.5502120242393963,-0.21279648527889466,-0.14721708863715463,-0.4224057953447019,0.18220373562458697,0.23834079532526775,-0.31615509382502577,-0.3559371931708242,-1.2349909783721165,-0.9207341339939077,-0.8604057976810939,-0.09483272550159055,-0.7868556865337613,-0.46517175359874935,-0.4589508734206388,-0.3229770656882577,0.522216720573731,0.20420422789373618,-0.1757083089577286,0.09741558014057822,-0.6594034387610984,0.050947481457553956,0.5349482795718318,-0.6890569904011772,-0.019981610365136255,-1.1495891432955614,0.25626542948275316,0.3562834019614989,0.6975891093723208,0.7946424242525336,-1.1379148989013623,-0.07190390306688159,-0.1945315432507505,-0.06532737792475393,0.8312816944627188,-0.327052291138213,0.24551959847348268,0.48029106644656877,0.34351834125098263,0.0697156507309924,-0.41805340757247567,1.0071354766553045,-0.5238557027913082,0.1887831812393143,0.9330237724580672,0.3356578475343502,-1.138042995730749,-0.44903116768677886,0.18661878470166526,-0.066458776772307,-0.0992986776548612,0.4395113068125368,0.19750277977249323,0.5686761554509198,0.40633681451548487,0.714020935789387,0.15167848681626206,0.39609221128465394,-0.2043445205481254,-0.33172478762714547,6.838298412420056,0.07710795631370149,0.358149320413753,0.024668885947008404,-0.2994538454236889,-0.016853769070532716,0.6956517935221228,0.25802311580939025,-0.911931367875861,-0.14377382997907598,0.8648508276056494,-0.15331422771517195,-0.9506389727279624,0.902233480193833,0.31972807868762765,-0.1747573960614722,-0.21792041229339337,0.5225850499152743,-0.30320324436545454,4.482459357684055,0.22813157668232698,0.09012941849131487,0.013876118181349595,-0.10501136454872474,0.4712847407062159,-0.4708934042231686,-0.8341517346129068,0.2866662422805618,-0.1305601705892439,0.19454292205964857,0.18239600859025065
0,0,1,1,8,5,5,15,7,0.377637506163378,0.07835604530698959,-0.3795895159872005,-0.11218580155641408,-0.3730844574648944,0.893466256421898,-1.1271165881085776,0.23603826641264403,-0.2937059157029609,0.4809340281009956,-0.5078413432179347,-1.2463360869210642,0.17699144902524547,-0.38243464083105666,-1.1633974449687692,0.34787611445751215,0.6147799537302066,0.6060267259604558,0.052708653504213415,-0.16074394730717279,1.64861121167122,0.3984046822204614,0.45385859791939165,-0.27237820524681955,-0.13457581074341607,0.1815360839734623,-1.0385878434226625,0.3953456492510248,1.1117046939718505,1.0205361341059598,0.6230854669033591,-0.6058383101189846,-0.21723327271042298,0.014016525122714979,-0.42309186819526606,0.19614895131762622,0.252547472441734,0.5077113981748919,-0.7041302094844786,1.055340154271191,-0.3814223731578346,0.10273435280613087,0.798536985300532,0.35431529318434607,-0.3151876858731573,0.5327843314124154,0.6853131893719928,-0.008439831158407851,-0.5916259968329907,0.6500107229094306,-0.10808470868244624,0.13274323568017365,-0.8689157767706535,-0.4560749513912683,0.5787554056847168,0.09007053533829446,-1.0037191579935554,0.4914254093550444,-0.3284288916386851,0.6548775089331234,-0.07491222114949236,2.7293320513527135,0.5584829074481816,-0.4930374479447676,-0.5336245251756565,-0.10444523016276047,0.3912411844488777,-0.6877838416684796,-0.8536142212748701,0.35566567551126466,-0.3376407579745005,-0.22240907520684816,-0.9748209977602769,-0.3898892840368631,-0.04807461083301407,0.4437207525926774,-0.5253660497723914,0.7964765158638892,-0.3608689270704938,-0.3737574450449456,5.3851898622399474,0.06276401000215756,-0.3082239087581484,-0.13644785007674481,0.659009442579394,0.6815660904144238,-0.4466185778073795,-0.04440607623735633,0.02452459466811101,-1.3305680845266057,-0.07342018052123193,-0.018806745992918518
0,0,1,1,8,5,5,15,7,0.8604309066873117,0.3000528998138507,-0.4602302951390377,-0.0840801186010237,0.11500734969062337,-0.06633843136416509,0.03469152878284004,-0.057809029419862754,-0.023201942350118576,-0.32429083091414035,0.4325017473747101,-0.2820326781527746,0.8026497007575195,-0.4492337400924138,0.031808326877599394,1.124430430579507,-0.6314165075959005,-1.0879426951377185,0.5165254988220944,-0.5971775692922674,0.4791665628643883,-0.7357462156753802,0.02115563695923725,-0.2771398099665341,-0.32521828129253005,0.1866856751060151,-0.637933802101179,-0.2359316526990143,-0.19848263581711004,0.2943473365516548,-0.3249015652168923,-0.6378974052318862,-0.38039858151272643,-0.312307416383635,-0.02512937965634244,0.426463082788582,-0.03507352320951024,0.5395292891425206,-0.4407672477885276,0.7011342113868149,-0.45775096307214763,0.11557373808016795,1.5528404387876702,0.1114698306312363,-1.2432540562095922,0.054701149484926964,1.4336144408053322,-0.3476264138309701,0.3228227019945488,-0.7743765530189594,-1.0857667500460664,-0.1531709675760559,-0.9430612315380398,-0.16460944629851365,0.6032346930481031,-1.0082564766811484,-0.6865776885360413,-0.5437356777176539,-0.08819741931780338,-0.23363937682833735,0.6685738090004011,4.780016003435258,0.21664209118665645,0.02852419465450593,0.15941376723372697,-0.43718719762039426,0.4062599614165727,-0.5783673425413348,0.39809157562079367,0.536876463048784,0.06928069935304496,-0.11440259822769455,0.15373915736464272,-1.4811588119112085,0.10683814672529188,-0.0781451751386722,-0.1650650231835675,0.3210547121965547,-0.05597537576295733,-0.6023149725779373,1.490397592979385,-0.00918832413938879,0.025255411538146262,0.02207839915608595,0.502157176267641,-0.5945525959154907,0.04962823991017345,0.6217756781113182,-0.8878595676342732,-0.4655961980784382,-0.3382669051827565,-0.20682336845532123
0,0,1,1,8,5,5,15,7,0.1845309926635228,-0.42688309541023517,0.15682313375206636,-0.19216451805736146,-0.8019438025766081,-0.3303375318887761,0.6040805962281892,-0.24502563849589887,0.33650840965421097,0.20144107593352784,-0.7632390398423867,-0.32139726188834306,1.211594456676644,0.5036198507521688,-0.5402631825842834,0.25187912060122897,-0.5184845215974492,-1.0272192646109406,0.3829858920107926,0.39627340672604483,1.404030813667971,-0.6777197350593742,-0.19631362051941392,0.6225735266021257,-0.039500218676823434,-0.23504072382077415,-0.9433152690231303,0.2034512333889032,0.5147136006002124,0.37551443390968653,0.20575861702046944,-0.5315248276164908,0.1944500208976546,0.25936857994173085,-0.36241116516572625,-0.29223436305788064,-0.6473645689843885,0.2661038855051364,-0.4795790034537889,-0.1640146519102219,-1.2486175563171433,0.8091538428363851,1.0479073675981518,0.24208804975956913,0.1273159065849851,0.11605751453314833,0.2365989137115469,-0.3244337981018685,-0.3887768833604298,0.8880515947645137,-0.06504115463520815,-0.4556556976680932,0.16792551591825716,-0.5501583987798765,0.712066921019965,-0.38390957171157797,0.20371342573214046,0.5052692597347022,0.135846782640173,-0.0035459880954136144,-0.02559333941963495,2.0149486223096886,-0.3193436263113936,-0.2690326774022886,0.7025940655667808,-0.060464336306285144,-0.41524335005311996,-0.28049401379248856,0.5305884190182898,0.28160852857160773,0.24401298742512983,-0.15505666820160235,0.2402654382962786,-0.37218018933619607,-0.17409797819032602,0.46343406747710403,0.2973878728044602,-0.5231664672277606,-0.44635414143488134,0.022139532154346546,5.8231551597317015,-1.000748648414298,0.10695492553289201,-0.7469029502730222,-0.3346928429544085,-0.2337495284305377,-0.24847615989069696,-0.29008714102740646,-0.01695028897749045,-0.9959824672985251,-0.7768063466233112,0.3684666300426194
0,0,1,1,8,5,5,15,7,0.7324117958336563,0.10775687748978369,-0.8046614246187069,-0.031310401028033535,0.12085062656626727,-0.2306186288906117,-0.2550419229947967,-0.07198910839043826,1.0484093599288185,2.409755281640776,-1.1232057973059413,1.0431415642828694,-0.475140206768298,0.2979210374287542,0.3714547167437181,-0.5697530443505172,0.14391076165528857,-0.19280231732086212,0.15039543549467319,-0.06843686540541769,1.5343276665851584,-0.4050873388765567,-0.1968627882315764,0.8058171998526982,0.05494974507842465,0.32768470898819196,-0.46607269509334637,-0.42226240702780393,-0.3086522906441949,0.5779755046394771,0.2794785605089381,-0.20930365003631124,-0.2581892554847124,0.5388403394944035,0.6690561526795151,1.0987483682820813,-0.7915506919144688,0.6092285514594028,-0.23908572720500748,0.4377301439577007,-0.5077448981581085,-0.5120650975876831,-0.5174866856998479,0.17357422090083094,-0.748247313753062,1.3574689482598592,-0.445493258708978,-0.7630117780766782,0.0800746567423532,0.33533795704066127,-0.3107023418133186,0.0623657331012612,-0.9865965798942375,-0.38347971269760117,-0.5769943028434319,-1.0008979487819485,0.011660826432851067,-1.149133365942082,-0.7176354725060478,-0.31937788101194176,-0.4466372998231807,3.2537424035154596,0.12179571410359746,0.40260841045029194,0.33899074509765237,0.5642103747169837,-0.023304415366260454,0.12938823504660057,0.2361599296292739,0.014633560684881364,-0.23474875664953557,-0.19251733591659173,-0.45519499595517665,0.16040878809404274,-0.09129854956001653,-0.3530550515371511,-0.47087337631736836,-0.6374109081437533,0.4708297556380064,0.007097290513535491,-0.18327371453506602,0.3613078086212081,-0.3124359491495466,-0.7621315979925645,0.49308379841793076,-0.3200838141814735,-0.24267153327664626,-0.002599161023213486,0.5507407922293819,-0.5840104696176057,-0.64513621726885,0.2504703258373213
0,0,1,1,8,5,5,15,7,0.32328524418142673,0.6593033649644735,-0.36695587763412435,-0.29203081842299505,-0.03845631525935744,0.8654577408157533,0.5283315971868334,0.9016213586430273,-0.042397077634997116,1.4491601554974536,-0.6520248705091968,-0.09167723887266307,-0.6540035605615022,-0.5146434921763169,-0.451917622369955,0.3773697091416942,0.2976364255705668,-0.0006255805224197608,-0.8019802758492149,-0.3395927335705905,-0.14975349135623106,-0.007949232102342274,0.47616667289017145,0.7848212750535365,-0.6128579470593873,-1.4079885493169917,-1.0172603080290752,0.9093880129246732,-0.2254186886777561,0.5323758916807544,0.7077090729005979,-0.06471570243917368,-0.1683997497586189,-0.3233207154497597,-0.08122915060961237,1.0866086855236134,0.4194188345168552,0.03277393886024613,0.1544374648287673,1.2030025560316822,-0.9227803858670336,0.310261011797937,0.28355970792497176,-1.400907538764196,-1.4206315577976578,-0.6813554719978954,0.8650531093899173,-0.21312137256934746,-0.08281134747653537,0.5461529589003596,-0.9775419777148355,-0.23747215408423777,0.08739489024202506,-0.41286049812088554,-0.02602306573317796,-0.8533496908501804,0.6581238180584215,-0.368526831402082,0.9591625929269281,-0.06701814596396025,0.48303240085194904,2.0235334089790133,-0.046366297977907436,-0.33630562912844036,0.02236084342445213,0.1528033272433169,-0.41447446981932334,-0.08486742329167639,-0.3246463543588786,1.0936372467967879,-0.0810169866468079,0.746320007101573,-0.14422696219403808,0.07924419390658193,-0.7049729983400734,-0.245004472152701,-0.03448363126044862,0.7607903712275743,0.09240047385754216,0.6596486363441413,3.3049752634882736,0.7707346035525419,-0.061732652904887816,1.136230070839454,-0.2602254476486972,-0.4347662364972515,-0.6432484130167686,1.1423231645812328,0.3891699671432733,-0.8467604523948014,0.5789336942405127,0.3223779163401222
0,1,0,0,8,5,5,15,7,-0.10815644598329999,-0.11366579110777134,-0.928267313126438,-0.48200014077144765,-0.3750335444146973,-0.21493899427341484,-0.16000952646124167,1.2220487522924792,0.7427393006475004,-0.33615742800772686,-0.2889611593134079,-0.07557594935935533,0.20009963239389578,0.8459400531945531,-0.5364545061769316,0.3576150981592539,0.0011521635428009686,-0.924584316473139,2.3601383064416,0.4500387638062219,-0.6393602176512145,-0.44725404439557315,-0.9756028845222726,-0.6123436675294902,0.2887665514577493,-0.27143024117596926,-0.6881808464330677,0.38503494953906003,-0.28599743473335576,-1.1591866636853716,2.6003303697121405,-0.5704552829347403,-0.19227635225621986,-0.09957917384333842,0.4695263511710529,0.24079238668414887,-0.7131356663237604,0.2902287102014567,-0.6006481984260078,1.8719102810426331,-0.4849867753614381,0.5970694709567811,-0.7067296972496111,0.8637632865194871,1.1377939326781898,-0.3076993413382012,0.0941582452483326,0.12946329170055257,0.35132750774341326,0.444231608925893,1.3226188405690993,0.15542103932965678,0.0010763423405272393,-0.6914763695209056,-0.44667345059473873,0.06418494776782463,0.5609119176697543,0.7802716569441588,0.33322722092340173,0.09286439651294917,0.343412561143596,-0.39759836192557163,-0.10760986197674961,-0.4563563231871748,-0.6615724266125425,0.16057848585439566,0.07041143793063842,0.32148102689277214,0.25345899411590184,0.06512734765129952,0.24215673114777853,-0.04763761686044493,0.16002990082100638,0.573360912515501,0.1405620003021263,0.31274066642423604,-0.4745916806911735,-0.006295494755935688,-0.33039216979527325,-0.29546489251041574,-0.6383125236173839,0.5899213964034767,0.5006310431076638,0.2098356426272205,0.9685706297802713,-0.14615816768261283,1.4776592193830658,-0.1369538788794124,0.10704285671233268,-0.45131494251936183,0.14058512583391772,0.39633928772435345
0,1,0,0,8,5,5,15,7,0.24996356378320309,0.12805275335295707,-0.6565901776026885,-0.010833577835745178,-0.6716376485940532,-0.4823660841709551,-0.3266421574905441,-0.3179756504038988,0.26924800356349377,1.1447571488392416,-0.4227662257303586,-0.9323146489717592,-0.3666380760579223,-0.2181995294730655,0.15953924262009517,0.20549032993304284,0.23558414062400174,-0.46146559850649493,1.717536565147554,-0.6218027486510198,-0.5205935072695055,-0.9016415976997175,-0.7071201808175556,0.5585878747781556,0.10905761313856685,0.450110696816813,-0.11412282595189985,0.6933503928342905,-0.9054359213391167,-0.49223207577492606,1.6664069957737961,0.3282193042644834,1.1770441559705884,-0.670146747186216,-0.7641984318985731,-0.7343148471522576,-0.09814616550649274,0.16658593432933047,-0.8925481903817347,-0.3215733964221477,-0.2327683770218053,-0.24582246457249224,-1.0595120592665752,-0.8538858239478794,0.08483931566276093,0.9197960800828192,-0.4740133697890013,-0.2536456029896392,0.35428170700654027,-0.356213639046955,1.1180649000571503,0.2886228898830103,-0.2739570663467874,-0.3315587852809272,0.5415614688785885,-0.20647606329378182,0.5054182220236916,0.18676314042673428,-0.22795981591724176,0.18906428129353248,0.12923037507537638,0.44621847367909323,-0.3051671507801518,-0.023687929126626636,-0.06795896106100538,0.3458780508561856,-0.5349348125838213,0.4861433087571937,0.21356746475488653,-0.7146573248271046,0.5679798110492515,1.090750471652159,0.45450118798451,8.554194994426407,-0.0016052717161447044,-0.8522206360880238,-1.0618111922388345,0.09532947768152017,-0.31458031884558346,-0.48949968341603395,-0.10722118805064418,0.26482657775084306,-0.7585903176334337,-0.2833200946266405,0.737407995368522,-0.5891795095091044,0.39665860541022663,-0.26555455197229916,0.25234306075930085,0.46374431290378815,0.325063229296276,0.43311162488816946
0,1,0,0,8,5,5,15,7,-0.11279434224138485,0.05580559730736061,-1.0722330516263696,-0.016305388105075536,-0.08801570783858098,-0.4589212747785265,-0.09115020905576604,-0.43576077499761695,-0.017448498510182375,0.24504979894178333,-0.19811031188138317,0.3708664818977836,-0.039893813285570026,-0.8949977900734389,0.36927056681390574,-0.2570932357601674,0.06827859344624963,-0.4627651594275898,3.664886436732691,-0.622055428687329,-0.37948689281558695,-0.3890627591009296,-0.6590169170618999,0.18876660114714913,0.5707070013828681,-0.28345306851910723,0.06379205055181475,-1.292948126491218,-0.04425581926026448,-1.0802969777607063,0.012511327610025491,0.5564699683341204,0.4246600696866359,-0.2653579134645665,-0.20377498159758534,-1.3366956999433142,-0.9465980261814293,0.3020869698017409,-1.2635523751307893,-0.15375243860323956,-0.03401181186956709,0.8046409992066983,0.005815238907935338,-0.42144520440436284,1.6692001010928548,-0.0008999667696582003,1.4157276246093438,-0.7845717123547138,0.3616342148302112,0.22614079038821983,0.44840103342983684,-0.332327283530533,0.07384921869522469,-0.2920981551145738,0.23679031472301346,-0.34487196564004163,0.26335690638658654,0.19339147588143465,-0.08699901681629091,-0.27147214018820764,0.044776016034990554,0.2109039346947058,0.9999051945181616,0.425419248381654,0.45079385364923397,1.538060077466435,0.23563402302218867,0.21997654029411687,0.3324106158305053,-0.560677776804758,-0.25810241990037674,-0.2793807020928736,0.27739119181958694,2.619303987611933,0.024820750219712646,0.5222591338554635,0.2918244026969974,-0.11307204577298258,-0.3535884634197047,0.535425821574236,0.31109774438862636,-0.8460944753274922,-0.18878851370650052,0.023876446521933117,0.37188751236887996,0.4035154280714686,0.10373101241548524,0.26943459448162577,0.011514582023401287,-0.6202821997613919,-0.17620984971686177,-0.011972582898714626
0,1,0,0,8,5,5,15,7,0.2776637982479748,-0.27099134505495187,-0.8989436636641199,-0.1179734443462688,-0.35782379729004493,-0.7164932546787874,-0.015632861683567617,-0.5533343792595723,-0.15653589933792988,-0.36520943645743836,0.0910296021100539,0.639954581162194,0.373536773355734,-0.9265474896693824,-0.2299778933765329,0.05640925961115083,-0.013927576802464856,0.13061683128360688,-0.16055573235592369,-0.15130147282035922,-0.0006106008744351243,-0.02995163379775806,-0.5157848368248168,-0.15181255190047316,-1.5871570773875472,-0.34895297196113906,-0.39598680544956955,-0.31853990940621946,0.0580148560984817,-0.9517485508202377,-2.380771804015489,0.12143987524080126,-0.2167344185326633,0.06622530967748483,-0.6561041680673825,-0.3632844947953059,-0.5221864705862018,-0.026908830783202053,-0.14622841286512991,0.24563425957079835,-0.732269336895301,-0.8057739161696001,-0.6704301133863586,-0.14699988284260657,0.2439850727236108,1.5199833061794246,0.30388627849063915,-0.6163492233905834,-0.31404284755832207,0.6370667206235627,1.5508964192293984,0.7154340890041887,-0.3992775411665924,-0.08146327064691797,0.17287553513506476,-0.06508650340841557,-0.297138363573419,-0.8023481433089868,-0.3119547689888312,-0.5876321903641332,-0.8942977224095318,-0.46206235765743703,-0.5545402422308698,0.2476023101290376,0.2633447974484602,-0.4581356647541442,-0.15245953064329393,-0.951466546418002,-0.2667668964216688,0.14329616234054132,0.37631734311605275,-0.3828196095923635,0.47951163347356596,-2.3531926057756096,-0.6681048620893351,0.33336275660016945,0.6958096476265516,0.21450444983948863,-0.03876210824759964,-1.1298034175134626,-1.0870713740880462,0.02173870226813345,-0.2112428790379474,-0.611798875562507,0.015238944223389676,0.006030364355487802,0.43398594609788477,0.04511197030854816,0.5936433650015167,-0.202967657284593,-0.10324515159990283,0.5106879169048224
0,1,0,0,8,5,5,15,7,-0.05226251445498914,0.24112374605610126,-0.6047764719101316,0.04433835552799181,0.045409185649104344,0.030928532336073955,0.136625158750442,-0.8163837752372172,1.3592204000214279,-0.3615728307616096,-0.2374500642211792,-0.8434489246687585,0.2455736628703118,-0.5181027547687348,-0.06370945469141043,-0.21395743361000535,0.859783265603665,0.8520947048849646,1.2785487276416696,-0.15178416091130315,-0.39749349893725716,0.11021603530180529,-0.2773856886851094,-0.19021178974890884,0.2540481944816052,-0.3073715358305767,-0.15265687618831328,-0.6349548695050349,0.3273039535437393,0.04665763479333074,2.5702620016759816,0.7475486247126752,-0.1291435754360971,-0.058457028903672395,-0.48675850638774454,-0.4921705368514474,0.005500932533303582,-0.1275494667067179,-0.9148975629914141,-0.5824885662162513,-0.6369762304203609,0.17855636053071072,0.6534606239880849,0.5383691811222934,-0.7155189457309623,2.406262621787201,1.3529868935534612,-0.8641942445798596,-0.3265955094196161,1.2025265125277753,1.7346325881849824,-0.8783030031863688,0.24054820673321436,-1.1134742378920117,-0.15159752615325411,0.5156033608920164,-0.03763218279343249,-0.27718833011783806,0.3881356374238512,0.436594923538058,0.6240254645858325,0.37294827740104985,0.5096930151209307,0.3221633162013308,0.09556320329954929,0.03855847991820024,-0.14097507491043437,-0.6285293618915971,-0.49725267574022614,-0.19720202897823633,0.08457447811021601,0.694110230255425,-0.06731441072795018,6.9844095262561225,0.4953668656986216,-0.13719157506316418,0.15759413903001993,-0.1539755651147898,0.642477032058645,0.2857101248806078,-0.6710897234104842,0.03779625989712234,0.7918445366595798,-0.14949680175979868,0.2063301688558984,0.22140409947115564,-0.5565334377545518,0.23216480340895473,-0.7174713951829884,-0.5907651540403208,0.4922838295508612,0.15690996893541023
0,1,0,1,8,5,5,15,7,-0.21682913181792954,0.5971485470024014,0.18615613211279125,0.052086796721325296,1.3403362828154382,-0.07606759983210272,-0.23946034430851595,-0.16998988303858184,-0.13531647966245208,-0.6513524191637509,0.49307562289107515,-0.011460281288508317,-0.6793214968923306,-0.962592797659164,-0.16987622374343925,0.7086853356586272,-0.19610220266643727,0.5144643315141778,0.049195818587806556,0.05185221232721629,-0.5434868107783537,0.6039436705039714,-0.2803917721552244,0.1061785782927947,-0.6423332283439335,0.05030268558270425,0.042222118004767745,0.3249353838892477,0.1774813775252342,0.574361862736361,-0.43815095033815876,0.41337370950631275,0.3438523224622089,-0.5570515424418612,0.2690436085942567,-0.7496271914113525,-0.49171116168011975,0.3384449474411209,-1.0606268645145063,1.3620671600419303,-0.46430354164135346,-0.17294323597934874,0.4731688237007018,0.14773946511931307,-0.7697183752192058,1.8808112578106981,-0.17036128403712403,-0.7035822173109176,-0.259931942854237,0.8844758431421047,0.4953002288379188,3.416607046017264,-0.6599946152490678,0.20057951137622634,0.385244013654948,0.30947896785135315,0.3456478537648667,0.1539119844869003,-0.09274365887759525,-0.35496473195724193,-0.9799621410983907,0.10559794653453163,0.06203203997845174,0.23449695889497163,-0.7059729679051338,0.31631232469382337,1.0049273319486551,0.016879850027221394,-0.050429580933592164,0.098306390032219,0.9800169106641703,-0.5381199495966521,0.055187669906758566,-0.45022833800969414,-0.31779332293993623,-0.04626333015973835,0.5339106541517074,0.8682837560920094,0.20548015733275973,-0.22050890576410093,1.1705215872529526,-0.2567433068445611,-0.3177795014322288,-0.9463528067758116,0.6805184384307361,0.43258747678723003,1.1706807798859715,-0.7179508473068652,0.7085315845738792,0.3746296501357332,0.3574724542038334,-0.8453567467710043
0,1,0,1,8,5,5,15,7,0.12852613604381743,0.7612661142608284,0.19176314549320755,0.17587464550472826,0.003304910423100882,-0.04813155100403729,-0.4913508538985594,-0.9402197165803944,1.0883644547393594,0.40467226605218215,-0.6416996755227617,-0.02972043060871596,-0.1502975835062542,-0.028278628694443447,-0.4275828942936619,-0.5136205089734318,0.4233143077476103,-0.17097073775007643,0.8842849086052157,-0.16061803419866055,-0.13751188130451375,0.7602993338770083,0.20247432855458913,0.047916612969648664,0.36005210208308236,-0.36462013509514923,-0.1974060134566918,0.3147399572260485,-0.6701644874756534,0.575488163602488,0.554568655120893,-0.16984132277058772,-0.8536547746410061,-0.9545388757502402,0.8172094851710859,-0.42344726918834097,-0.168486644788282,-0.31545565570686873,-0.9472309288494694,1.7782283457468937,-0.5344688541478391,0.6165308294301266,0.25683462426065934,0.5719060464064067,-0.22819953728320908,2.042775779477672,0.13249996999443267,0.15794726396471187,-0.0010274624730121085,-0.0060686720596676985,0.6147201755015006,1.549448865482429,-0.06266904999330289,-0.037281002247920046,0.1610339383971123,-0.2681113467552585,0.11054386221570148,-0.11214084773834818,-0.847513748181273,-0.046004840876809484,-0.5812770483627184,-0.9314158180465942,0.037442278497049945,0.19965070849234676,0.2261478997936015,0.2773893335461403,-0.9886397258320386,-0.702853679315469,0.9671637970765137,-0.5797991680491495,0.2692689138773459,-0.3697648795796296,-0.006579427156411674,-0.3670267279976691,0.23647961479238366,0.04691888243958085,-0.3638958534771888,-0.5572976040927142,0.11529618376566211,-0.6385709437736533,0.13789267499411273,1.270276388338649,0.642873481378646,0.30029265896063334,-0.06033099506220952,-1.0209116329001797,-0.6993651861223437,0.6182072568535546,-0.4154318592280654,-0.01006415812935385,-0.1284028920382455,-0.5524913056420461
0,1,0,1,8,5,5,15,7,-0.39652296248428354,0.35731792072180574,-0.03392849979043,-0.09539323489277385,-0.011449693285224827,0.15994277388913725,-0.37569139233353993,-0.10314176968218224,0.9559581562921173,-0.26214434515557106,-0.43015448486942737,0.03140323920396007,0.31657157558717947,-0.26595235948926077,-0.07349038587788649,-0.4628030457962779,-0.5330646568465237,0.2455383057955737,0.0957014644507887,0.04387620261255751,1.0586148112864286,0.12241558193507329,0.23528019189296384,0.13698040061340033,0.22036576524444682,-0.08861094614524541,0.559717005990371,0.5488429525724926,0.2913968772650551,0.7944457925716781,0.009882279924567985,-0.5846516351820462,0.17005130845390082,1.2460280275360467,-0.2025760815980914,-0.3427904063483019,-0.04744167154824078,-0.42246972403933447,0.5636476873685331,0.02040405797051148,-0.5749826220380049,-0.860916346304735,-0.23205563020609943,-0.9970598873544869,-0.04064443719878735,4.369283453079102,-0.41038594987499677,-0.8918566967265535,0.2750051311504992,-0.2786583520629791,0.3066762949918407,2.267796722666409,-0.3807307157062731,-0.133702717724561,0.3387019421934452,-0.16708533918583612,-0.29519164197594516,-0.12713535662630102,-0.6924650817127659,0.14773481714175737,-0.9243576787700977,-0.28628366400490146,0.3486982225677291,0.10723317894892193,0.25795916523450846,-0.03871885632311136,0.562527875131025,0.4400043830231617,0.20347358079351552,0.40757810064614003,0.33906017551078976,-0.24602782542015175,-0.7183652526358607,0.15978143606043987,0.2287536528982756,0.523767819350514,-0.6079116041777187,-0.4854270738909407,0.21135921817329176,-0.0677950386789016,-1.0187286513518705,0.14458801569729435,-0.9584230017468374,-0.5315095604231361,0.6583133402384179,0.8609041895051406,-0.6460501724082324,-0.18788493990414937,0.0007574423736774645,1.2301753547434535,-0.2920121281084356,-0.2599101877354078
0,1,0,1,8,5,5,15,7,0.14423829517229156,0.2007971000583974,0.39323235635782006,-0.23945383464183964,0.5619352679231286,-0.25211850510565836,-0.7873454375637134,0.4057448918408763,0.6325325120943194,-0.35067741131558827,-0.6654024126312997,-0.31414997520176674,0.13302923735871078,0.2990424934959222,-1.4263676157365484,-0.48778851806101875,-0.02317501416975809,-0.18846700316897308,0.07491855444184034,-0.05000287353245361,0.47813658547895965,-0.18717345132303637,-0.23567649838617122,0.2283528144514994,-0.6012522038037342,-0.06962534974422974,-0.04210825196483749,1.3285161200822844,-0.17494534813600077,1.0659845483409986,0.502368627814992,-0.2981914316912667,-0.28598360025689346,-0.3411460059418808,-0.14309011132434094,0.04883216622764042,0.35997128881831053,-0.0608149186734325,-0.7711888068807208,-0.22658850569642486,0.7337810270336658,-0.1560827970834292,-0.2424224512798882,0.5726896419168355,-0.21564251246297572,1.713989681643036,-0.2960700906905025,-0.27386782077595617,-0.2597878873130126,-0.6404823411268403,-0.38696087499487825,2.932294105245472,0.8604087457569942,-0.0017244073491100229,-1.207274959379801,-0.10036774020031863,1.3229227759750606,0.4054635623556547,-0.46198196136661773,0.24477227321004566,-0.4020010942925127,-0.7411266965955725,-0.20517906346467862,0.001472257101994126,-0.9732788724753846,-0.5807756652330247,-0.017177433770556017,-0.22643180335621135,0.17780871424272363,-0.6635289516649122,0.3209052725856517,-0.6181756172768041,0.774951354178621,-0.9082787690500304,-0.5905680977091451,0.18721722529714593,0.692365659093747,0.1253099738057263,0.2628380451106021,-0.02344309341582905,-0.5890470731239033,-0.2880352402994907,-0.6381664042429984,-0.698236268374884,0.18334711346823754,-0.6131243104423978,0.12155501518942918,-0.674100547308351,0.1276376908927018,0.09522060647118821,0.6577301126290874,0.14039127157076373
0,1,0,1,8,5,5,15,7,0.08326635594720086,0.016987767359819772,0.21692414007065114,-0.14237500056342078,0.33409551260500475,0.011797136126656636,-0.6225576574294309,-0.6216072151581029,-0.0492734541886507,-1.3609985988927995,-0.8192008323925699,0.10992500975479691,-0.8167766121982775,-0.8764770328616112,0.7816550119283102,-0.3901559558537409,0.057799869318156935,0.18212312806241718,0.20449349806911796,-0.9449301318997604,0.5512839620257609,-0.7767792946790099,1.110233175936741,-0.9451094928258252,-0.759168346785787,-0.5585224155930043,-0.8821095973254882,1.206897560164394,1.1864327315239038,0.4903576995544126,-0.7738326472397241,-1.2245741416856915,-0.30267846997956294,-0.33480188149849466,-0.34082660738312204,-0.2676001370726618,0.45873191491650855,-0.016918144289416875,-0.36663948767504695,-0.3390754373890539,-0.0050258364514663145,-0.060913054728319184,0.7623032971872707,0.25217783385830256,-1.0674278213283095,-0.6912998471820351,-0.6048169124199999,-0.6119947939401524,0.20263118692368295,0.31622316296291747,0.20659482660772588,3.047768281250945,0.03950191977180177,0.5551409503203675,0.1946772315928758,-0.019324542089148515,0.6933972263862502,0.02987088643952992,-0.20870779192128422,-0.46969261339405755,0.3205183476750631,0.5543023340990907,-0.056288082564357564,0.6096668493724828,-1.0222086372444745,-0.0339227073676642,-0.04239267141395148,-0.3858424015654078,1.1723335976606148,-0.08929110435501207,-0.24001698749321526,-0.013315012029954103,-1.0478226660531087,-0.4303335895333296,0.4473290222052633,-0.335940853685156,-0.5541885480552078,0.6225512740048411,0.651536285495321,0.22628369182821262,-0.30340651308564015,-0.16270159873796278,-0.4342865250398396,-0.5562678440007705,-0.5397355903458518,-0.36056252279102075,-0.555582483514624,-0.8050417304693767,0.08914751571127734,0.45685968139938804,0.8048187250179235,-0.3556373603961201
0,1,1,0,8,5,5,15,7,0.04436704983566153,0.2646366916694234,-0.4769740333322597,0.22609052348399333,0.9240051456796101,0.20600132743462687,0.08048802787908765,-0.19262084001252291,-0.8806631390253465,-0.5940834303479468,-0.2084897080933454,-0.5148172337141919,0.2024346371521961,0.9249824817481489,-0.5678254898527223,1.281290216274566,-0.6197787050291161,-0.2914965306574112,-0.47193435641041004,0.5775950608095439,-0.5501661026835888,0.3467427623923329,-0.23578614034952028,-0.22499971773767885,-0.8619008685234586,0.08838026697542291,0.31382984214904214,0.19804952412015517,1.0946246141893679,1.1203565586906876,0.1117424424273672,-0.4299426163912311,0.05422424902416442,-0.5956287601306154,0.5679656090631936,0.613728128826046,-0.09923807644310469,1.2010836704505885,0.6528378899937262,-0.1683746309447914,0.2075159659429672,0.6871898772222048,0.7582313798564181,-0.3033498610696742,-0.1569856850274005,-0.07460620826915323,0.2652303488640459,-0.8138680808986564,-0.9462370049651474,-0.4892859340026878,-0.5198116892536728,-0.5456674839786273,0.2525324498801194,-0.12918851801408693,0.05801086423044571,-0.6655267288291388,-0.277650392039565,0.2659092757355551,2.3301528822292994,-0.41306789809918665,0.049836811342134274,1.0352009899190222,-0.0397933464754616,-0.5283377006024264,-0.12408231593976679,0.039892533799709716,-0.09792940570700809,-0.038022565699985175,-0.7413203197987416,-0.5375100255536072,-0.1108192202267474,-0.10893005375792496,-0.3295104342201942,-0.13890641989909053,-0.01378353481033609,0.423238552043494,-0.18935683426809743,0.16734005839676755,-0.28939106569755396,0.2538363175468827,0.11201730273987182,0.3899424354101087,0.3245186869698838,0.23548652695412495,-0.06673605052052581,0.0709342941238171,4.971894540695727,-0.34922645589919943,-0.3347577085141083,-0.1599910945828063,0.16206219093649193,-0.433521425850771
0,1,1,0,8,5,5,15,7,-0.08449201155223318,-0.09623840891868513,-1.4641948069327029,-0.2558732655202246,0.22571186690997985,0.13216602727683693,1.2168770761745509,-0.621754934989693,-0.5942621569026061,-1.497222440198768,-0.121533178880292,0.10061835148177645,-0.27251593435876414,0.8669604947501962,0.31651448748033434,0.933474248559706,-0.2880296620341921,0.37405938886560175,-0.13664849673944796,-0.3892968049006288,-1.0688963545047754,-0.30225814255777284,0.26439605506788355,1.2897353157343312,-0.2044430642561391,-0.42089974573240413,-0.7262619631061549,0.3422187984379369,-0.9070992452099784,0.7114422092082239,1.3258367753625722,-0.11618310815646873,-0.29045494668779087,0.10585115685563448,0.07029064136110022,-0.13191843963226935,0.48105768121870096,0.20804418321782248,0.17929909853415138,-1.4631594483864014,1.1015763532866873,0.6672119378882065,0.20546018076565659,0.13652557649106614,0.05472104541425199,-0.4936884510589147,0.3691046418370902,-0.6061765603877329,-0.47937316288703036,0.42957024685550455,0.24503839546104933,-0.5769432280502722,-0.43161104291540303,-0.3675222410805538,0.326133344958097,-0.5533674142132065,0.1315270289388839,0.3457038501802822,0.8629449626791902,0.45425086442723117,-0.18314946659253875,-0.17115073731910097,-0.5196174974135708,4.154620384610299,-0.42046134474812186,0.1686898888938228,-0.05800324892470077,-0.5487367469175656,-0.32414849324198214,0.6352413315097355,0.06467716962624162,-0.5308712394301276,0.106248346884152,-0.12345664265814463,1.682732238604652,0.12109374445236754,-0.33006339018825426,0.6778024146411931,-0.9391089986270161,0.014948533938190435,0.9213664012742298,-0.10106570835967806,-0.8988620665763994,-0.256840266691747,0.7097316742878828,0.1364994787619686,-1.0607847768294523,-0.3658105747873142,-0.3004039547405822,-0.04476132318677206,0.6235204122730917,0.5047433301808167
0,1,1,0,8,5,5,15,7,0.09992947911463265,-1.194402047039158,-1.0175806638296887,0.12054973971603694,-0.6639799358950771,0.12228394555500653,0.46105569423027304,-0.5826527834165998,-0.6995350832343994,-0.23818507332301028,0.48527102126703103,1.3319170128608595,0.2859993711936399,0.192473917463313,-0.48689165046667193,-1.0100475343354698,-0.35816167942883476,0.06593234730245343,0.041542286492149305,-1.261870698980104,-0.6036105298962512,0.4328818735077152,-0.07331822961635104,-0.6222515900201019,0.9426623534481986,-0.05269285432963431,0.05838762069265602,0.2633491302824714,-0.20858895209793718,0.1172482551630662,2.7327681264946495,0.1196341124820075,0.2303444898358261,0.11152542594133255,-0.516837239383892,1.2129605722634769,-0.4995561271250467,0.8151368317368228,-1.0282720044230877,-1.274281732362304,0.48504986333692435,-0.4717195680365385,-0.9847136601454379,0.12744481059572468,0.6521849500077647,0.5224834630514783,-0.08182053362275343,-0.2963366443579265,0.26885842732758924,0.42737378504207874,-0.27482462964294485,-0.20666661913008882,0.08548453221738549,0.23221422028769817,-0.10672465928028188,-0.11341764634238007,0.6430868742981017,0.577040796084578,2.0777247321539267,0.8087735510062316,-0.22421726296085104,0.7472637874925465,0.2402633399201327,10.325632829341709,-0.6334420846499256,-0.35086864607237755,0.18705369873854044,0.17627181112776166,0.9554725707571875,-0.3903821296603984,0.4163076576559435,0.5549354335942912,0.30590811932012985,-0.530897797823032,0.6595884401096602,0.5931942894389381,0.1600412932401167,0.06996229935211801,0.0944630900415922,-0.07157944037204715,0.24454472106001438,-0.027398639707312246,-0.45647403192868075,-0.5831771069002442,-0.39354547301778176,0.05953080187630891,1.513870395833109,0.08448272544657238,0.22985274760737998,-0.6783988768960727,0.6872524299764391,-0.15532358974250596
0,1,1,0,8,5,5,15,7,-0.2091125361643944,0.4151881771178548,-1.2735547466871262,-0.5413434957523044,1.0781412992353685,-0.10660130497478867,1.0140535951294258,0.741712497444312,-0.35424591028280217,-0.04521815732594592,0.864574462379376,0.04050046184770567,0.4163604140714547,-0.2933589258379188,-0.3525954203547369,-0.5505942678715184,0.06860046433314074,0.43994908109494457,-0.21882603288010427,-0.6976987267840646,-0.7521254269059076,0.07111987287086402,0.809132453178714,0.31508559980446316,-0.4286965126765034,0.3448699952528901,-0.25352867675742113,-0.13910155555946338,-0.504020771865476,1.110434745066143,-2.2961631963994678,0.034218652148450546,-0.4124965796172806,-0.38178953564357915,0.8309790338558565,-0.09005219924102764,-0.44019111751603063,0.4196154240887363,-0.0016533587846842002,-0.47478019818497874,-0.7324260488191128,-0.5000190248799671,0.9432024503335753,-0.10547154631005737,0.013618518707879751,-0.3030072698250713,-0.3072605400960462,0.3361436849908519,-0.2690906295899077,-0.28674215456017804,0.2929489604308525,-0.5849356564260686,-0.3621865430518811,-0.039600597843268755,-0.04005138623055857,0.07643065014359926,0.9990052541186516,0.1404045680393201,-4.054554259845435,0.11236848771054775,-0.012054384602843117,-0.04249792464641495,0.09197927285044283,1.291079488012458,-0.06350716778638119,0.3003260849216863,-0.2933856139589839,-0.4961883831813221,1.4922938049808738,-0.4141235099012482,0.0139198545390396,-0.7741261941843903,0.011818410735517045,-0.5170124022055396,-0.2655274339424442,0.5010641566667932,0.09625381753396486,0.2519932180350505,-0.9041933341765248,0.8862360406621481,-0.6717885015372441,0.7213143409671314,0.47856038873838297,0.22978508640589193,-0.44501973664582645,0.024259603011344485,0.10599026569039838,-0.00866938544515632,-0.14548994870845547,-1.5830312100818638,0.5153144212960592,-0.06202175449344935
0,1,1,0,8,5,5,15,7,-0.2269625974255387,-0.5100117839549031,-0.16879653796361535,-0.5929544400380808,-1.3451686556526625,0.21807023454897762,0.6071890101224195,-0.11367169807407185,-0.7647325235683848,-0.14665677059445828,-0.7277511076327893,-0.4330711812174515,-0.3928763144437166,0.6949253368194015,-0.29509974890660584,0.0440360213726908,0.8746231224413621,0.03719580340652681,0.04272768841589089,-0.08389722715759484,-0.5089578495808885,-1.0817390863291367,0.37144451244335835,0.34334169805990483,-0.32483123395758373,-0.10683533909037986,0.2342927721664796,-0.7478016316834493,-0.3197318847947469,-0.07279857052107697,2.3549514538346434,0.06657860955640188,-1.2819704312861944,-0.9334999832377606,-0.0813513808817929,0.06807022152492109,-0.6747601639944539,2.403677387663306,-0.05230709469951372,-0.01644414560699825,-0.1650166309905549,0.2939671391499168,-0.03638636942239279,-0.28453152773156276,0.07480278624248068,-0.9867954487687024,0.9576242755023603,-0.23055997986005572,0.46547740332584486,-0.5750573877130042,-0.5034161958351719,-0.8047055877922821,0.0603259651675367,-0.011732288892594714,-0.2723923478902387,-0.5604096202506477,-0.6801274254445135,-0.051961505372193094,0.052582138302491144,-0.39358448018436387,0.7425503612181622,-0.10538577591851073,0.60402708511582,-0.0904381277560169,0.08518702064064176,-0.03393402809187425,-0.8711563701207947,0.6918239377702221,-0.0871737248465297,0.31701432180584876,-0.4121659629217783,-0.10871825953658892,-0.4798419767518713,0.5675996145208246,0.11141371120789909,0.1620585871216754,0.5393411068974174,0.5459591041971524,0.3640803530875492,-0.7430752177710896,-0.42368740582464837,-0.5449101341854774,0.3315553025605395,0.026444686388577596,-0.712783563006933,-0.14590742590403075,-3.1386986391156575,-0.04976741523268217,-0.8482400711592679,0.06268874707403282,0.14340365882080197,0.932506070454672
0,1,1,0,8,5,5,15,7,0.23608443028468284,-0.388085210053221,0.06253170003176373,-0.844908211363434,-0.37718981307510485,0.20686903065051243,-1.2129820876318054,-0.03243617820219691,-0.6974263305865083,-0.14047101346246918,-0.4893626031758539,0.7934248599389655,-0.007863634357941227,1.057879794804398,-0.1104270066373362,-0.498665577466903,-0.22616606317790242,-0.8111536436961959,0.07629906053119787,0.5693941856603659,1.0238260025839092,-0.3828917544074372,-0.2468230403560121,-0.18677331800986435,-0.129191386785265,0.15262327906755485,-0.16046678117830335,0.6187104751629908,-0.3332809708952329,0.9140896140346475,1.0245748008188618,-0.30266069555177616,-0.33809243109708487,1.0367147094479119,-0.42368286957408946,0.5720747793488701,-0.46572994348486796,2.2515218375761563,0.2348361127087985,-0.593027246459116,0.6100717528601753,0.061677926199193295,-0.11666970169781785,0.23622216773627355,-0.010019585919401885,-0.06444730929557639,0.0389199024438268,-0.13631079104631436,-0.06030087031813762,-0.05753904333692646,-0.39214349505945484,0.6231276433888703,-0.5900328428391562,0.16909416958815476,-0.20030680942536488,0.8263986109166419,-0.49857055919101273,-0.3953511860170311,-1.030284368632762,0.11095154147007244,-0.7175197116319635,-0.30348718420102694,-1.107177293274785,2.0278712626679036,-0.287308550636818,-0.7502243919296333,0.5204594861252959,-0.676178664554204,0.3788749236837859,-0.4067152000045337,0.7646340872567143,0.3484792007163665,-0.550439732227208,-0.5089409029660252,0.25847164009471624,-0.15265724157385208,-0.22442222016575478,0.6039078866336899,-0.3929353516655717,0.013435341835368951,0.4014660507598464,0.3615926780129991,-0.11201787801269636,-0.20333422491277722,-0.8869350774521014,-0.5796578157310148,2.608915246362657,-0.09213026566892032,0.016909720117437667,0.3898703367285264,-0.639239208727372,-0.13955832733509374
0,1,1,0,8,5,5,15,7,0.007053754289373854,-0.6376345841189094,0.3712678147236921,0.308217129915729,0.5607642888914763,0.428068681910591,-0.7647266863246593,-0.01771892628809628,0.03374798472581278,-0.648402064436062,0.3601985085322852,-0.5001233435139549,0.32775131294549054,0.8344484339086677,0.0223724268760169,-2.3328799083007,-0.5861198958472782,0.14331955641875024,-0.11617024506533923,-1.6663524249564947,0.4106431761716205,-0.04409559606827998,-0.5224630855184432,0.6263161983687536,-0.5740182438043265,-0.3824480469743593,0.045396966542970124,0.978165288931963,0.787002369968599,0.6228032944895294,0.9424523771409101,0.03157305172345487,-0.8091159484031867,0.14545499865821845,-0.38221527827481383,0.5855159473080578,-0.2754166995212619,1.0234921155635563,-0.14952531918757328,-1.790367442449194,0.39535533042484117,0.25390654171054694,0.4507422654128256,-0.1941529139821029,0.46933038339759203,-0.016610101677721978,0.30775351534587136,0.09619443834739794,0.0063017987839320555,-0.4941338692225529,-1.1009628414273538,-0.4623159280014167,0.31564989177567554,-0.22127210556062066,0.36040274786621634,0.02098906415212856,0.597203744552,-0.17532790869719567,2.0566877863362594,0.2021615482624469,0.7198065544679539,-0.9175415899892827,-0.2601985191242213,3.6928278116179083,0.7357471186306374,0.11383973635733337,-0.16869729757247687,0.35621396897548807,0.41475441628551973,-0.2360256273442851,0.12900205439777448,0.563967562459278,0.898813699847032,0.3209028527567739,-0.022221514184642206,-0.04850576423772278,0.13894731194173945,-0.09004796549208413,0.07622933453060068,-0.5611496765177957,0.572680752179273,-0.6130584297541403,-0.2482674244788664,-0.010084654060541202,0.9779660937526837,-0.26287681182458067,-0.5126827798919278,-0.2985976298646991,0.8088947646399807,-2.078993947311606,-0.5469466602705283,1.3441761783610071
0,1,1,0,8,5,5,15,7,0.14679098981133754,-0.9941740322809502,-0.3703120206236921,-0.11234898785691391,0.9770922721016699,0.4349223068128051,0.518435019332208,-0.28374993724173575,0.25561419537881774,-0.5402508894705315,-0.46199888161532243,-1.0521825625420629,-0.8000915434418364,-0.44031861906581715,-0.7026891575385827,1.3316986759017397,-0.7024240481762787,-1.7108685962002022,-0.648725454116255,-0.15345010589352942,-0.5134967596984824,0.5735907046680702,-0.41969703316299584,0.5672867851321056,-0.2447395371913079,-0.05937435100855136,-0.5514695033880664,0.026213921386899482,-0.4073392824665526,0.5346044357216448,0.1886490797780962,-0.6905817115982973,0.3153230591317855,0.03680107009293987,-0.23920991127417388,0.47234324477805856,-0.2231211649845765,-0.28522006440134096,-0.1733289371802214,-0.5643581844422312,-0.32775353357851805,-0.8785535995723468,-0.023520588575857843,0.1406253889140486,-0.4247506821083201,1.0880576798404322,0.5588847385570198,0.1946784061171541,0.22262680497251194,0.7607060159627343,-0.4497168057112447,-1.5041241698216867,-0.28788567534132425,0.23438534792205107,0.03557204759934081,0.08436128167588391,0.6136257107558438,0.1633092320943847,2.768170054544581,-0.5205623549316122,-0.578691226455661,0.7428340246901001,0.0194563857258914,-0.33679413784401024,-0.3478983680322458,-0.33075758078283557,-0.37682472588465427,-0.6639191166635642,-0.769807122440576,-0.15369697683784106,-0.33261453685119835,0.527283573974941,0.10012252984326436,0.08225921317811949,-0.41585116629466407,-0.08198238410875652,0.040749585160648166,0.3258863256039786,-0.06553682823977619,0.5073503454097462,-0.07185319161233518,0.3534574930790389,-0.27713764854693523,-0.965175467770769,0.11665214781762565,0.3111267121748958,3.4238623234742667,0.18790415952091777,-0.19484730214316917,-0.7934099654001534,0.23028648032565543,0.19175553188036876
0,1,1,0,8,5,5,15,7,-0.2534036333139358,0.9715591316058536,-0.7935723764119127,-0.43783796028636496,1.5688706415743243,0.28793116290921594,0.010893091254477488,0.12983456908651986,-0.07780259937055348,-1.56393147352779,-0.38381086953333476,0.39197093440721503,-0.19583308447128914,0.3056118590023024,0.4509468827858127,0.25776694041281434,-0.6315505333256934,0.023390384067692477,-0.29008123360542387,0.06155348723785588,-0.356658875339039,0.8962266060453201,-1.2332778840173932,-0.0897518469733178,-0.23709275017507309,-0.42879323431364136,0.31613355710009355,0.4774208241126486,-0.04866852826211446,0.32969303450289217,0.32275670704767834,-0.3412435424892,-0.21981062478139352,-0.27061872067617254,0.11104611309314663,0.8699337628320304,-0.6404940229621462,-0.4602565517720353,-1.0828360664325651,0.17934639314025574,0.44131692105135834,0.18546382352730093,-0.6547962002889693,0.7496141205622561,-0.39191988135112243,-0.08819376268292459,0.5413391137708428,-0.6737745606690541,-0.4481568803207008,-0.00276418278498175,0.9875744258816922,-0.07319310556636383,0.7383577041504764,0.55811263274426,0.14381857997261094,-0.5479729096233473,0.4830475148300251,-0.7767747259608886,4.4904313066501516,0.04922167010389494,-1.3561061554967306,-0.23447598433806324,0.2959795286138277,0.7206316325109522,0.32030178423809996,-0.4312081038198545,-0.6753364017555371,-0.058067916885536974,-0.003814087685364363,-0.2303869635417922,0.5774939716300976,-0.4513997563162354,0.1101670068759808,-0.01641464127905945,-0.8226489385854805,-0.6809832680530249,-0.1337954585307563,0.9583884550911229,0.27104399096881204,-0.8950289568246746,-1.6310918786259754,0.32356073032238886,-0.08031828571645962,0.5117517002687366,-0.45788630654735646,0.12357092953084613,4.282691816160151,-0.24692099030104314,-0.23359660428120824,-0.26009467143764237,0.2257605190839296,-0.028635178474724236
0,1,1,0,8,5,5,15,7,0.27990678762962257,-0.42270849548779266,-1.0178135427532042,0.8424114131657452,-0.10923927489628449,0.07037483430370026,0.2095463714010154,0.019734769091735195,-0.3633306438003926,-0.19984148951360547,0.15035728312634652,0.5826581147211771,-1.1962710756852941,1.3713143270550847,-0.18743843045542602,1.7840725499087304,-0.7917738060312731,-0.3745355758124552,-0.4629274999817294,1.168438758464799,-0.5036788191804411,0.23347588793494456,-0.43813597985501834,-0.12302937884446853,-0.35802331995122005,0.6037005752423982,-1.0787056884791073,-0.6241153351228266,-0.9984438018627526,-0.05010768679512423,-0.43213410702729693,-0.9692121366490232,-0.5476979840258467,-1.1839764103844803,-0.5241729060868904,1.1625127153046582,-0.04567413509802137,0.7235239411511576,-0.7099663298303606,-1.021894786560906,-0.4527229504090839,-0.08877484788709189,0.6996519728318933,0.30832376768984715,0.0823058381936452,-0.5410750982725246,0.07617909334176408,-0.42148453808158537,-0.2755895828117425,0.8447592042465887,-0.8342321111959471,-0.3410938849535064,0.5410515824331956,-0.7776696873684869,-0.3620601509077736,-0.3178942725918277,-0.15847415160608463,-0.8256981349399737,2.330869312603103,0.28236265725133936,0.22319328066133132,-0.4994097739676845,0.01226101354600503,-1.0930568844490474,-0.20349945164444302,1.0705379436217322,0.0255024734363946,-0.616108503355321,0.07057074900163517,-0.7320927510422863,-0.6356567979485045,-0.5468576367211021,-0.2685705228880357,0.4180848709337287,0.24490813649098078,0.24002948790489548,-0.6892132494503432,-0.3028687219701834,0.11740963846100075,-0.34637153694656475,-0.21503106621685575,0.17771328008517373,-0.20659788485301112,0.05414851006456452,0.7788368818181486,-0.13746471889191575,5.339204958229178,0.25649586245587686,-0.7541748159090589,-0.9827545564761255,-0.462375595731183,-0.44888563468516046
0,1,1,0,8,5,5,15,7,-0.08988704249963544,0.532540570520664,0.28252421105555403,0.00801127347169639,0.009785968360375819,-0.1588047636433859,0.30227170107942397,-0.0009706888877597485,-0.06296581237990817,0.8619956078125655,0.939462667008874,1.0983107923565631,-0.49856591122743593,-0.19019583003513643,-0.16121657715239834,-0.510109707524114,0.14750912722829806,0.03941897942002212,-0.6709234633488683,0.9826353594029141,-0.15961684885806954,-0.8774609410920498,-0.13859718269090548,0.2568397059475726,0.2511479433669932,-0.20696018973556013,0.28018977475955564,0.1534590619139112,-0.6823185235366339,-0.20246193555561132,1.6547575002633903,0.19982167061698375,-0.019169495516150686,0.5712341906722415,0.5131263803177536,0.8244099705217567,-0.5243773583758603,2.199708741860067,0.05957366441333317,-0.4467716943443548,-0.1497382993405218,0.06122195631784405,-0.7971930338836232,0.20697669679861821,-0.5238116845197056,0.013007388173590845,-0.22997403336251843,-0.3999092556307363,-0.5534496374468998,-0.15804125278781223,0.6057821735724424,0.46877433653194434,0.1124166063328456,-0.05737107263419394,0.3819141570717941,0.5116101732457703,-0.461738481682857,-0.06643898895296621,-2.860305779809791,0.5107700711252148,1.0015177470027852,-0.024181624510601026,-1.0934994442991508,3.0367356605827034,-0.48924570433322684,-0.33787074079593676,0.2909429795337685,0.10493184739462791,-0.2636513089996226,-0.3809976043114637,0.02676642591941774,-0.23102884500289034,-0.6010343635916976,-0.2166812176000521,0.1255053491101533,-0.11051990962858535,-0.8465052657791646,0.46232076643541065,-1.3879966334522602,-0.2553941217665759,-0.3859470733432645,0.031123372755906396,0.2486193596490076,0.5045011196440695,-0.3737297828677158,0.24175584926832389,2.2203202247004334,-0.8789588587894139,0.9297163085513793,-1.1985385544493934,0.16417098195862267,0.1735117958801051
0,1,1,0,8,5,5,15,7,0.037256753278126636,-0.45167147895314835,0.06715340657087382,-0.9262600078623925,0.2942190663096946,0.07106631079907783,-0.20617205520103615,0.20051810799151748,0.40874319272336007,-0.362752421957534,0.6560094904347448,0.47696694636454506,-0.4638934508106403,-0.0238327768816069,-0.2635372190839547,-0.37688220545158824,0.11151832906365591,-0.02171235133545052,-0.9220944159562312,-0.956602727933714,0.0015702108403775061,-0.4693003419139951,0.038094824031741234,0.5155253905214512,-0.8707246560536567,-0.7439906154603445,0.7034364822335997,0.23853701676408146,-0.2344115473544796,0.02129388846193353,-0.10719375190367719,-0.792884098384967,0.261081976326783,-0.5649947467209332,0.5315887499050838,0.11505161929711955,-0.5724474549888356,0.13669771513093892,-1.5206604404415116,-0.3142365953755475,0.17078944644516142,0.3452014388348994,-0.9240775309182973,0.4380732395539608,0.1549959226122085,0.4537251156107788,0.03286507992966543,0.08459828947441489,-0.9106167185178199,0.24076805829512116,-0.4434702067838449,-1.049456393203844,-0.6268931302470631,-0.04195837053708247,-0.4523360423834501,0.13466174203989204,-0.950948068081101,-1.091268326944796,3.999740478345237,0.4011190806954845,-0.5556427998045463,-0.06572275855741354,0.4787591482530194,2.5173668378513927,0.03691042683305252,0.5413810206925918,-0.3877014529623436,-0.006755991029419929,-0.02852124047651757,-0.19257581184615277,-0.23105435740137467,0.010138050167538763,-0.029212048797430144,-0.574613448128135,0.356606992432785,-0.5096607801018979,-0.24886768892865896,-0.1798517806123848,0.1604608913490145,-1.0917635143610247,0.3696070613984226,-0.3814612399858831,0.5777701031361671,-0.2979637467445253,-0.041949139058640936,0.9053577006357949,0.7198710691758423,0.5962357711389272,-0.0010312763833954762,-0.010005861390341153,-0.010598359490547542,0.40245763693129327
0,1,1,0,8,5,5,15,7,-0.29670809662612374,-0.8859798062419447,-0.6706182297103296,-0.09622108272879921,0.17816221254350825,0.2639644772264966,1.14129072846829,-0.5017749543527597,-0.5464485652199729,-0.9092442501955279,1.426214392668551,0.6923811980010914,0.22237381383415283,-0.7297831612286352,-0.11437926819158457,1.6633182507382491,-0.22910198053147346,0.3988173672253671,1.0291459959998928,-0.476982840651887,-0.7218156387508481,-0.4972036804783208,0.6901738264898246,0.650852945339282,-0.3030121462477013,-0.01994215597181485,-0.5420511720624086,0.5171425177665996,-0.214742131072121,0.3346204224507214,1.1004173471784502,-0.3758546415711185,-0.29810710746743535,-0.17133156715323525,0.38249916269348855,1.4543486805756705,0.02054783284163897,1.3123362702115569,-0.30850408274136554,-0.6077512386229025,0.7010478463604892,0.018450477861201284,-0.6507466706430727,-0.3068947525906121,-0.1906869240602259,-0.4275255997527919,0.8929977369923986,-0.11782045831292093,0.5115927578799566,0.03566880271753099,-0.10724524161515764,-0.6920543857975006,-0.05885810456659937,-0.03819697701399766,-0.723743380291765,-0.3231387586932054,-0.20847058983727357,0.17902021689099562,2.043233941214001,-0.3414402249878351,0.2034404194232999,-0.15526240149640227,-1.4658043942751209,0.042491635648121306,0.5022931988125026,-0.8470988982775466,0.03400038484603672,0.7702853917309093,-0.3999033978355621,-0.05512024779678856,-0.6881597303049592,0.7873195020850794,-0.08808211028850105,-0.02708620546386299,0.6328592702353724,0.30927102110397187,-0.5775653329034419,-0.355850506296017,0.2288747372810559,-0.3442720717838283,-1.13446950212657,-0.06958646549933992,-0.7723178748147648,0.7492595922954148,0.07086647268994067,-0.5041228477702047,-0.6161148176641644,-0.9678879651347625,-0.5702847625559274,0.37517201545265305,1.070315418549961,0.34173008038071045
0,1,1,0,8,5,5,15,7,-0.09049606282516556,-0.3961109474733203,-0.8306315095492343,0.8838066787790255,0.2021763624087939,0.4767263096849731,1.2016522219621888,-0.8842540014083922,-0.5105930850363869,-0.5256471031260121,0.12565279758917983,0.3839708047425857,1.4805922015074353,-0.5582422850874258,0.0006906941440477238,1.8447843543048892,-0.10350913749885905,-0.08394515629715113,-0.6491740139748157,0.2403052815395072,0.04492748232468627,0.041193474499761656,0.17217469843762495,0.842516399512801,0.2332350336062938,-0.002574681423533509,-0.719658534905687,-0.25382287849783375,-0.1346067949765518,0.5728814752196909,-0.07255023696040552,-0.686881881441708,-0.7747234552786807,-1.0022080494455383,-0.1326538960903342,-0.584348551301256,-0.5568567387351278,0.16767515862700955,-0.8765357063865202,-0.06397621278919552,0.75653565522552,-0.34188344432678364,-0.06974808493279636,0.12585494419172563,-0.4321486480345781,-0.5636636220372001,0.7331094093994023,0.03543590891730353,0.12578030010759242,0.3377461165852984,-0.9191326465740185,0.4531622964041777,0.13120818712698834,0.4606667521511497,0.1533944512835329,-0.028912611467929835,-0.18448389676011967,0.1558526333062376,0.38296021265548685,0.38315706602732347,-0.8242227041237428,-0.3350108677192827,0.9914172423906806,-0.34460091057024034,-0.1565429827904257,-0.4474864866387449,0.14557762108117855,-0.3904776604328317,-0.11240238873384681,0.3682384800069038,-0.38553331109840655,0.36800949088590384,0.36469886098998433,0.4770784204987748,0.025979534941581374,1.5991613622696241,0.38751588161596895,0.13022726795105422,-0.45655312202146103,-0.08074110718942878,0.6373156423837104,0.8118012416333333,0.7069530059677546,0.33371486887836166,-0.6453574493394216,0.19204558951441808,-2.3373181971293,-0.7669247678881814,0.09902552312294377,0.05908118661447043,0.4061108950441676,0.2270999439742782
0,1,1,0,8,5,5,15,7,0.12618813900576722,-0.8865157906039717,-0.40205032513428635,-0.8996346637080886,-1.1566154425074744,0.2685619747195587,-0.25772190065054024,0.42239346533627137,0.42502088015909795,-0.5007832033506998,0.5386814485591458,-0.12373964269598403,-0.940466783505048,0.2248621975603952,-0.3492312135460276,0.05719412199960139,0.8849484236585017,-0.9019639365541661,0.0646660008642134,-0.5094886828340794,0.2433586888711625,0.02816438968067908,0.07674642107188605,-0.3778562259791166,-0.6180421939950388,0.4254032655006911,0.7516195018997334,0.305147512261833,-0.4735015794035605,0.6131444827000825,3.062712568775106,-0.25505323883650455,0.5502963189782876,-0.5467838528371288,-0.036221570021243155,0.7824974275651939,-0.04795306829450699,-0.18846034950249924,-0.6133357802561031,0.24028989451278526,1.0469357948926332,0.6889018446218756,1.2512660541329337,-0.07555022271651486,-0.2780366563793934,0.5031988031506819,0.4621254410467143,-0.6720596843992661,-0.691812533823823,0.13990338507441819,-0.20925536218792803,-0.23697045436272474,0.4714438111902146,0.3347946326408001,0.6247501859345674,-1.0191430769946912,0.07986966803150801,0.3196247060617383,-2.225976137792865,-0.3782288046602188,-0.45123696301210203,-0.053373851292185685,0.7829326024993893,6.907427221538567,-0.4443448977953278,0.2570826052830803,0.2570537107094242,0.1714676703956396,0.17989289603929526,0.09567646321503254,0.8076334587122113,0.5249371884373222,-0.5764927455893275,0.34746091357940256,0.40189572473828733,0.13601546735712577,0.42596121859629266,0.06182547289715954,0.08164294555753193,0.028408728086163362,-1.084969888966141,-0.08316526313273803,-0.36633683147964546,-0.6521052735827267,0.6994817961781257,0.2005684398688119,1.5047525726297928,-0.3055908467490154,0.12753097314869458,0.35921945405673944,-0.4590605759697052,-0.023882362357073774
0,1,1,1,8,5,5,15,7,0.5773029524982014,-1.0043197997773132,0.15865372105081715,-0.360721956164614,-0.2840537302147114,0.018353942712794946,0.4266947250209947,0.9479578244761037,-1.0579261539152152,0.8604342050017311,1.542216357781402,-0.47882972776740296,0.8898103282728486,-0.1897541064214051,0.7771538392443158,0.30319263154354564,0.050831046026949905,-0.17185078613112342,0.14311991061182294,-0.14587724161355414,0.23790871374751243,0.3209870034336553,-0.2712371560493496,-0.4790072507726112,1.184614806319909,0.5743587393776759,-0.46735461584823323,-0.21892972110733946,0.16488824081571202,1.8462797357370002,0.4593740803387609,-1.323221781273293,-0.31266209571444326,-0.6419209472625289,-0.1489348051606789,0.9016479894843876,-0.6995917510094497,-0.9878924198984623,-0.6228541284076046,0.5559542383522164,-0.02756497503444577,0.15155428299168217,0.6743671395545282,-1.325827534004762,0.23762148237471675,-0.32834432626169824,0.1387006018526981,-1.2479143262618733,-0.17251635255983228,-0.3111833971484796,0.23487834846427963,-1.0163827882962586,-0.04944659689743065,-0.5873415854227892,0.21256158382948911,0.3352332444200552,0.5967558306749514,-0.2952342822910523,0.4070757533820718,0.6296698097332939,-0.852617866775376,0.24194952322708146,0.4482612450424105,-0.17365415571115517,-0.6425879100212409,0.4652818580911248,-0.6220996291406118,-0.11152093261718546,-0.03965895023198627,0.3015742378413682,-0.3494673814472649,-0.3685879131606341,0.003041942591361542,0.45279561194900253,1.0994340378091347,-0.775208776108156,0.017920042238217054,-0.575479057369505,0.4908147066227779,-0.5014838179069748,0.25324614791210576,-0.33760149571179915,-0.07031101361226205,0.10271751394290565,0.22432335061262113,-0.05441909248980861,-0.7031674993925422,0.3407039039572924,-0.04703315099718949,0.5379611702984967,-0.3994470439362031,-0.822605539894266
0,1,1,1,8,5,5,15,7,0.26218851128696086,0.7485794395092166,0.28109252674741153,-0.245911170477273,-0.652312310165911,0.39932304386884876,-0.41292104171867255,-0.37655291454937534,-0.6180479571711266,-1.1775107364942958,1.0725944916984556,0.10827461852755246,0.4320881897139188,0.08664289623986834,-0.19435603241633234,-0.6034822860073253,-0.17276085587674125,-0.6266536010641476,1.7000043828129603,0.2196168986783203,0.5276322998366041,0.5558174539777739,0.3493619247791723,-0.49635436428861845,0.030220200274168052,0.19861395723614872,-0.32701579532250236,0.2872893610723013,-0.5553873136855547,0.6416998621202221,0.20408357669162602,-0.25395063748028907,-0.6734521952018525,0.1586879853354376,-0.2815463807206871,0.06212110667375865,0.7948344589386419,0.22528384375310703,0.18935894232029304,1.7455505185313451,-0.6898820558797231,-0.5601074219353572,-0.32861050257155,0.5594749554651063,-1.5338220939506986,-0.2760107845869577,-0.49933191899719165,-0.19432172918137158,0.0012149884406526534,-0.7296670963276548,-0.04801674760347746,0.13787605291950883,-0.4490957660605881,-0.291236067542927,-1.1528680318236397,-0.5987050109926504,-0.4180640707908816,0.009363533166145778,-0.529228829142231,-0.30750697752978723,-0.6436597226389421,0.02133401244349152,0.18186291544481129,0.1568917116924747,-0.031020555306057015,-0.7767325182144039,-0.33232204730815884,-0.22599855152097653,-0.22124457779063442,-0.018704179015713307,0.6766190844945108,0.3797520375955933,-0.5401746867145412,0.2888018107874447,0.27586022131542937,-0.4245019126945511,0.28468199466264754,-0.11239986222499074,-0.7235676599878158,0.19538981806621264,2.3218178539728784,-0.1568048807727149,-0.05093808674400986,-0.41842402393067907,0.287537905706919,-0.07326063665287996,0.04500243380186245,0.15538179101663402,-0.597846626378838,-0.6435779567908183,-1.1505498840043393,0.26090295302643474
0,1,1,1,8,5,5,15,7,-0.1493688387742208,0.11760101189146602,0.3987876834447859,0.15510014855541537,-0.819147258255224,0.0919490491221266,1.5291724497048282,0.8433015542569028,-0.41271777271612226,0.9038760649545856,-0.4140222300434858,0.15548887411440118,-0.09653796056505648,0.0878485279014635,-0.43021600111420566,-0.15837448734957832,-0.020649455226048566,-0.015896399440900946,1.7106165327589737,-0.4733705088581802,-0.8824142418176011,1.3203345768330508,1.1317013309932582,-0.2177640363124827,-0.6335814614490903,-0.42481954659369037,0.12077942556143653,0.8659272159974096,-0.6312365362887723,1.0203472929339221,-0.015655041595534547,-0.2650064495403998,-0.3524246579187019,-0.958526515578735,0.2954202355234014,0.6480755667207735,0.005642645748142931,0.024160272394848387,-0.4458226664043387,-0.275330758993134,0.17527045491878518,0.12657798946814608,0.3121821607358331,2.7547466210017686,-0.8839679539640384,-0.44830980031826356,-0.14807987863238792,-0.868358231760892,0.21657356657185767,-0.5230183928949784,-0.8392635740335243,-0.19086963939854518,0.020346514238511235,0.4226170915964474,0.15638401329906373,0.17719817187190992,0.11331655142451999,-0.12183081578283032,-0.41464704701795574,0.09363819182445528,-0.19755676478946285,0.7806883733983639,0.6400967655389668,0.27212860365836766,0.1520323483878061,-0.05017554545429536,-0.6529070810353009,-0.13043132702271706,0.03110309537230659,0.05853344921169966,0.1986165818169144,0.43436903019213596,-0.3924928326366275,-0.3919374304653777,0.6811373773541406,0.36402261837780564,-0.3351364377217326,-0.08581712872847744,-0.0699478883180427,-0.016424483111666794,2.915101639614992,1.2245303068701145,0.0626667363289661,0.2724177907261773,-0.860765699286707,-0.2939853157878345,0.576185513186051,0.1779685244805057,-2.2151111115980937,0.2576862036779398,0.9135045431181497,-1.0194219692786655
0,1,1,1,8,5,5,15,7,0.8048192086754002,-1.4577124200418932,0.7165008867019254,-0.15040058389696484,-1.3921244089595026,0.17816207877862494,1.1555257614193217,0.16808771617553117,-0.61076873172512,0.1930025017222391,-0.9724144816118896,0.1421100725874068,0.8573496135315118,0.37237481737877076,-1.1077321884888203,-0.8293551345350808,-0.5257070061629312,-0.9355231708279018,1.0802141935704155,0.012934885994530881,-0.9258986573836834,0.8031446555071644,0.1876262184915862,-0.5902751616063152,0.2702074162751914,-1.0131225759987679,-0.299910437107585,0.14596680561729222,0.05958257859625064,1.2719521593684597,0.00849979779776705,-0.8294675238161724,-0.03752663944135387,0.3243968267373512,-0.06292758085787195,0.2213075430478682,-0.048870336757558114,-0.5018392314981529,0.052862781767998746,-0.06217148186665439,-0.1448689348587289,-0.053042248684061655,-0.10760138106269224,0.4674436340308707,-0.6106072830125953,-0.9951972522830594,-0.035599005468889666,-0.4704282002411108,0.24984042515987948,-0.6950472335963838,0.6046946424534043,-0.41362345091719255,-0.5023776922622307,-0.5415663997730502,-0.9071476398894796,0.7129389223885559,0.6387044048052386,0.2726530263055139,-0.5045818933502133,0.8548528567743272,-0.2068539626084705,-0.19873585243546998,0.6876351583703955,0.28516432972299965,1.06335044811861,0.11816511019580297,-0.22086061515109576,-0.3282476570916322,-0.9430950099256352,-0.19549267441373372,0.5361450677226917,0.273121017581328,-0.03626179350999101,-0.5478668487690367,0.06914554648892987,0.4849386763789179,0.07560866157992024,0.05115604056432053,-0.4170697416211965,0.40137936280364805,-5.447689508004937,0.14845678825277148,1.2529494462199393,-0.8130679781523715,-0.13821207354231868,-0.05549081446078019,-0.2695133952005401,0.4949979500816875,0.21567168801197498,-0.04213412535851062,0.3530586263884053,-0.013092821682897661
0,1,1,1,8,5,5,15,7,1.3848486648995664,0.1277851243839911,0.3003342428201088,-1.0013102956774824,-0.48886396498890633,0.2964020121947745,-0.6329296700311837,-1.0926343728862329,-0.8826365563698476,1.8843101671498401,0.2690565172697351,-0.3718842398942971,-0.946771315062126,0.03371145161613795,0.2168432807533751,-0.962774180480164,0.4645430890843485,0.2438123177582244,2.606147780622353,0.10798952932094041,0.1160693386431596,0.6466999241008946,0.3213104072321771,-1.065688698161442,-0.7725616141102399,-0.4062259382671378,-0.19868944480032463,0.3515003083090178,0.1375496075965809,1.6410666090863884,0.4606265754726564,-1.1334882293302335,-0.0613360556932766,-0.6005349437786919,-0.10930206337983309,0.22352622532160418,-1.7448637597003962,1.027162246561475,0.0746272870079342,-0.09186761745135585,0.6257424922602899,-0.24088551968218158,0.12306143713128428,0.2687725330459546,0.4694491319169179,-0.22478901939149268,-0.15230450267998108,0.01568946363245205,0.1175750276661709,-0.45649281501002237,0.21219831589380206,1.0454861377216,0.09388235323482792,0.01365610408456542,0.045127103534892334,0.6018397266077509,-0.3464281580955536,-0.1668783349926956,-0.825258964025644,-0.6427149153252195,-0.28989438319662775,-0.09219143385235515,0.8535472810374172,0.22370543994517572,-0.4932403763535836,-0.37018626264576443,0.6650291262535938,0.5409599589528619,-0.0055219662182202246,-0.2774580207800476,0.5263148161613228,-0.5229596321090498,0.1495994022385676,1.0859298685857937,0.058386878608289984,-0.4092729158495708,0.0654333846806969,-0.26721590376003285,-0.7156488368573006,0.3183064691836951,4.411879019792282,-0.19841940221608736,-0.22082938130049679,-0.5396639800473628,-0.09249514642541898,-0.33271951086001245,-0.5437383315238793,0.9228952440020008,0.21269258920907813,0.19928322238243598,0.3961221302699788,0.3640499321611339
0,1,1,1,8,5,5,15,7,0.12976880165735563,0.1935228708379236,0.040165902530896774,0.07315554149748527,-0.046293358358112324,0.03841384553775527,-0.6284999746897877,0.059262742747498445,-0.9990499896271613,-1.2101063272419705,0.5724713197185877,0.2788491175402624,1.2466508914128391,-0.3880143613952892,-0.38315022196268117,-0.6266184461492346,0.001597817979242605,-0.0378763549086526,-0.11947700136514272,-0.27123795759765057,-1.200104849207178,0.8942071357398339,-0.4982653833545042,-0.3981403984798662,-0.7141917317238985,-0.32939878790303867,-0.2735749357228116,0.13588542078709595,0.21507503874341174,1.8020512451014827,0.25273439756715904,-0.21621340361021468,0.5424279442530568,0.10823477084357597,-0.03353214201254743,0.5869132878740646,0.6138245926220762,0.1458231457246504,-0.9358908502088548,-0.2721667956912983,-0.4753694373700662,0.3226405759288652,0.041744471055516555,2.2982921469538917,0.3010715275673888,0.4272885681000506,0.3757237291904077,-1.1046985652096302,0.06632304866352051,-0.7330833029206945,-1.1675303359645286,-0.36749104302029406,0.597545611648743,0.18564706520751398,0.9687182475282976,0.03524004882604786,1.1770720862173614,0.06104105762166051,-0.045297341385455214,-0.6904760279659808,0.5242869882987413,-0.31528550129238325,-0.35451820155200603,0.5963243193638496,0.5419102131392919,0.5598296636416327,-0.20344078238922395,-0.0478331480143601,-0.049524120178247484,0.33506430232556755,0.7406307325561163,0.15777720885249685,0.9410297458884853,0.39819758215565865,-0.16169065957464787,0.39288752684571876,0.7132191726993146,0.9669329474183082,0.574854757318947,-0.019374317423358677,1.315720365377007,0.2450686856008944,0.8047757033831631,0.1580032766207777,0.20973858974276977,-0.025836392239870835,-0.20216751948785772,-0.10425642451976112,0.047159173457089476,0.8576895580110788,-0.16543454346163566,0.004837861736921554
0,1,1,1,8,5,5,15,7,-0.028215092143959064,0.4343755592688135,0.9567033473949703,0.6661726520875332,-0.11545653898933922,0.1997813651417355,0.21724530515997545,0.2501535541120059,-0.7440486828354752,0.6389207998034715,0.33124999990391685,0.022139203115699058,-0.16460356361441816,-0.31366400577397535,0.7398867331476294,1.2833654534935777,-0.7049066095312828,-0.7687710473758596,-0.32401886222342324,-0.23541722411500807,0.23711823975612883,0.6897344062050533,-0.02691018512818663,-0.18726403812446668,-0.1375984964668886,-0.16028337404856144,-0.1438266331519464,-0.713194633887991,-0.6054463213791422,0.5217306727195432,0.2684330380243681,-0.5746182008971289,0.1249064893184593,-1.096446664819005,-0.7569618872288514,0.4040374767752922,-1.4132782745112655,0.43385490554153505,-1.1202356234521984,0.9638879913716734,-0.7822346977333055,0.45728192314670685,1.7485157605632025,-1.9632977977458288,-0.008858212874427562,-1.0763780230354223,-0.01366209194098364,-0.689587694656218,-0.11010353983344573,-0.8851619206071049,0.047273384463320745,-0.9479343959775665,0.5559957602844874,-0.2493490931568091,-0.7415317769761932,0.7440933878623411,-0.08050061698366898,0.926098430084148,0.5541405751943477,-0.4498538363984502,-0.07348928231601698,-0.003703966990356626,0.7321572181455771,0.17446789416612102,0.050945189289542954,-0.10613581351286065,-0.04762373328905293,0.6299508274774279,-0.017744245931584583,-0.2536934236597188,-0.31840518449784205,-0.3031786456647876,-0.7474637948115764,-0.4255872810241116,0.7049191753077227,-0.12476780650251697,0.2124548676229772,-1.2715898032027761,0.2655647395023461,-0.11288789643691516,0.7014970506882499,0.04751391253076483,-0.280124171158374,-1.1208187444306261,0.44359662439433295,0.06997346127567954,-0.1951932155461774,-0.5062818572340209,-0.7554825772192431,-0.000991901810416529,0.7611428259164447,0.08011506215175034
0,2,0,0,8,5,5,15,7,0.021285242896732837,0.32836629261901273,-0.00042763733206041543,-0.08875163759636198,-0.26214992390155484,0.48865783262685003,-0.30781945386510484,0.3084012586058426,0.38905064120227606,-0.7170884520290125,-0.4079678560998085,0.346774328108474,-0.27789324189077785,-0.6276815960996665,-0.03606215150357556,0.1776033694292582,0.7187009491623306,0.037839793998417276,0.19522677244409534,0.17586460186443026,-0.44954032733090277,-0.9244531456843599,-0.654873898321246,-0.8651048766906051,1.1773809410500575,0.10680305765962567,-0.09403132741832324,-0.8949547901638014,1.0029472102914652,-1.3709118368743813,0.9122853041519597,-0.7148929158126969,1.516746648857509,-1.2780438611725877,0.16588394376829899,-0.4947483743759601,-0.13868693221918793,-0.8647168818455659,0.18010047967812817,0.10187951874522966,1.324811618129793,-0.4100232449755711,0.24810786261398798,-0.7875275395787888,-0.5240662981724108,-0.4317193228791413,0.005178425697974692,0.7272805787804667,0.3205386443513826,-0.8507249185517918,2.59617102638654,-0.2457980455462745,-0.22712131911339023,-0.39897968326117694,-0.3201543354554245,0.8177818992901087,0.10687609266791936,0.05958636861373735,-0.18766091873079677,1.1722083217137815,0.6215108625755698,-0.42475399422154014,-0.16780190919995464,-0.15141323420289166,0.03573486788261305,-0.3568090162794244,0.19706304631911492,0.7036988506579229,-0.6764109758324034,-0.620268156556665,-0.2777308793396521,-0.24469384880062145,0.9528171405827714,0.4504549831465473,0.4278702135416933,-0.15365102297546893,0.6869223782813496,-0.7580642511350584,0.3722791990433152,0.21331575815203443,0.5671508362728352,-0.14838092285788468,-0.10310111735255856,0.026141479793869785,0.42842144156191203,-0.7866431304471564,0.3298060786969358,-0.033436952284217496,-0.5498724531425238,-1.483715336693863,-0.11381451013541147,0.7023883154182663
0,2,0,0,8,5,5,15,7,0.2824499815671603,0.6091063068459623,0.8401421354250967,-0.0471539185989886,0.05768264465398411,0.027271582640858397,-0.5169279667279356,-0.3526103441755735,-0.3727792659244805,0.4524215889343549,-0.6118438202098491,-0.6045413284587235,-0.6075131869979737,-0.29459532800310023,0.767951881591724,0.9749814944817449,-0.9331565731653025,-0.3162594431759713,-0.6439484518683715,0.31039585401002934,0.8797276183954444,-0.7610717741395052,-0.07663921322291128,-0.5245031748011353,1.861829818081346,0.23525776933576717,0.201132351494171,-0.9392868664741981,-0.05818555843224957,0.11782964473191349,0.5494434612008231,-0.9147628820135191,2.229905081091437,-0.7773789028771334,0.8403722359783854,0.26288891119567753,0.07770094935420602,-0.16138080148797274,-1.5122598162250454,-0.7963329587668322,0.2339517955477903,0.35566774978757676,-0.9677304118681291,-0.3334375947290278,0.14829608245465914,-0.8980233284251885,-0.11245513565764918,0.21347442394957047,0.6821954591139338,-0.5443868789988052,1.6975239233052208,0.2037243995899683,-0.727997205189555,-0.1551655431271471,-0.26804894369490373,-0.12283093016055802,0.3773739339023266,0.24936118740422145,-0.4308786437266615,0.01756861765837351,0.7142264252026195,-0.47990578622079644,0.04158900835086378,-0.14087130098675077,-0.06870362917707515,-0.8215248310884071,0.6830362117943688,-0.4095211658058259,0.49343906374644464,-0.36688309203438707,-0.34890392763887873,0.5802655564860267,0.4505265049487682,0.05393332262111939,0.33628431238572115,-0.16574456634696866,1.0647634548331053,-0.3630237404842686,0.4334415596695364,-0.37891820983603447,0.6667303264026199,-0.2008831503397132,-0.02195726224419294,0.3204827258407191,-0.0055951355968446755,-0.2004894765410721,-0.05323371207648724,0.4237200055809897,-0.35197993023402824,-0.28512196618622193,-0.0404342905274971,0.4108244215450594
0,2,0,0,8,5,5,15,7,-0.2666153216159397,1.4031750975360733,0.17924852682720505,-0.06977835309571628,-0.10954494342142321,-0.1363316651081856,-0.7779919704652039,-0.279189230604802,1.2254001320627406,-0.20768757072010602,-0.5333496954486943,0.4094454342221724,0.7580612202544944,0.43527562071892145,-0.5403392723057261,-0.31953224102644173,0.8041448998930986,-0.01846559918781912,-0.26058309926956147,0.17540096406968808,1.545193583964343,-0.72851189591372,-0.0032057742084550395,0.03497073478050394,-0.4574888458091383,-0.032049259459182085,-0.6909741854894057,0.0664389470033726,-0.3063412577579962,-0.6852160658578684,-0.2746323881365864,-0.3125772206683038,2.7515518109336603,-0.7501005340509875,0.1992230647139053,0.7623975892019987,0.5659074271084816,-0.2797842699084714,-0.021856875083018645,-1.2680870164543163,0.5413637253139942,1.4837729674333473,0.05589594000688622,-0.20242245773597844,0.015256713245089926,0.6503696678604286,0.26043736916733173,-0.9867415730828366,0.10670471776700605,0.8566462901778509,2.307371314545742,-0.8010564336282507,0.07609194104442425,-0.6850675655222512,0.5762154063597814,-0.5313163178219706,-0.009707473233080889,-0.456609556132789,-0.3297615182363189,0.6922943389250148,0.02073420059920612,-0.34382417368500384,-0.603608367291004,-0.9801417057171546,-0.66284143802003,0.049783600758482156,0.46777166899959843,-0.3025209615728348,0.7656748790291855,-0.4149449991247449,-0.15515746313093828,-0.5660844289153326,0.448965070493734,0.9983556801614119,-0.9251994429855377,-0.19454921053611782,2.795487389871824,-0.7556843049651597,0.26475103850494974,0.578524555851427,-0.03673343888788793,0.23216546929026527,0.8482396488114436,0.9153319925641252,-0.04851095270887719,-0.31772424404803357,-0.49821204370909977,0.46529290401655404,-0.7064415980611597,-0.3624448543426582,0.005767231280998195,-0.27296943257814604
0,2,0,0,8,5,5,15,7,-0.14914127251296758,1.8164703390663568,0.1901482823684879,-0.09274892662490883,0.06690839341330064,0.15786798285569814,0.46003933851982687,0.06848802417460381,0.533273603652159,-1.0829869850863787,-1.100894947546711,-1.1216712837946767,0.17214223695048378,-0.8735403496686885,0.5139944092715442,-0.05678464850163702,-0.22481659481509536,-0.5609629827899992,0.18435980731358095,-0.5860219263669362,-0.2947517674834109,0.15138784985308656,0.06438482686909051,-0.42787323459325655,1.0486250711106777,-0.03375605161690269,0.057727216261793834,0.16605493368371305,1.010408085437467,-1.2135858186357162,0.6643870896574695,-0.08170997013191725,3.83140789632833,0.19049257959529545,0.5582473333719731,-0.3479923631053458,1.3846803587148315,0.7447601521973529,-0.33792354131173186,-0.23649927346748267,-0.11002505214403918,-0.24038806053163436,1.0882246346868842,-0.6449772039429151,-0.8276061977301378,0.633153801968636,0.08522765989444545,1.3233678803995486,-0.400214019977294,-0.36617821382420174,1.3218988724212566,-0.152104892668528,-0.9518712198070346,0.29775333847578633,0.12155060347152061,-0.08215235504096735,-0.24201145287892478,-0.4750965488209149,0.30731896655405716,-0.6363259768569359,0.22495357417697903,0.973002760582585,0.7117663624745065,-0.7968549338527631,-0.3055701514303381,0.20452935031396205,-0.05748617636890847,-0.7220480745029448,0.17306105440642383,-0.06120323556878116,0.9210111026108923,-0.15291042005542996,0.5375858958731016,-0.6839438284258599,-0.558295611465693,0.3393628036859763,2.5493682568424,-0.5109079072895552,-0.00655221173863757,-0.7230011310168972,-0.1664577592190462,0.3754953266322619,-0.24969079382043252,-0.1833986374583495,-0.5824250453396616,-0.37571452621087986,0.8408334699349177,0.013273274660764209,-0.5217077024909746,-0.4005122535853742,-0.8442914647795159,-0.5285480222888749
0,2,0,0,8,5,5,15,7,0.18518710684609496,0.33701065147730824,0.8179072850152113,-0.05324233212090371,-0.08945782964173052,0.23373452306442963,-1.5959223381955618,0.08861387609153203,0.6329919636071999,0.5518949057184728,0.1913120964409677,-0.7706677813545256,0.6035419631221542,-0.3235728725254563,-0.5660208868361698,0.026643694505987275,-0.20410781309617004,0.6301972118264317,0.04354144742408281,-0.08094355615272764,1.446716100621924,0.10364869859676823,0.2788767936302288,0.23138866911132744,1.0212478491077865,0.04560374419109891,0.48580667207996664,0.5997817720248884,-0.008167960845513363,-0.06298737614914629,0.6973409901600965,0.009066162254153312,2.029630936923235,0.5549675801864765,0.3850306347545573,0.30303783780176613,0.39385707065246917,-0.01261148390107028,-0.21943128163465464,-0.5860213968250418,0.2908411033148005,0.06554208838071933,-0.08634769752841058,0.3090529034269457,0.28786940935074273,0.3126521805891539,-0.36517074565673313,0.5861663329779977,-0.13601400233434732,-1.0471917717259622,2.3459942357846306,-0.15068965651390187,1.231951129869771,0.6839114917875623,0.3153886401926136,0.07121022683608191,0.03503183694991667,-0.5295642569534189,-0.9260311030622788,-0.4870605385460153,-0.05485289093285772,-1.116992575926636,-0.3031552779840171,-0.16809747907964945,-0.14491439800141567,-0.33705781905777915,-0.19310212255243359,0.8396016987001966,0.31147571941497976,-0.33634517645970635,-0.0703254958719803,-0.04045273657284006,-0.43039351366026946,-0.43496473573279937,0.46097104764591773,-0.23136036497717669,-0.41199805341510776,-0.053781716287080394,0.04041396158396837,-1.018563656349276,-0.09622102497490302,0.39102390099432915,0.19340314850855642,1.0560162731110374,0.6080273949644539,0.6729316929770097,1.361820979784912,0.3558889596894967,0.060981284800674995,0.38810441339279533,-0.32519587089373164,0.0323749835287159
0,2,0,1,8,5,5,15,7,0.13483496356127178,0.2553889264050098,0.7661647043024231,-0.057758229581828274,2.407868690389739,-0.005995391226565595,-1.2233891149442349,-0.7416342463913002,-0.8260743477159747,-0.6326104940960882,0.7633197051358653,1.0419494429075808,0.5151123396579635,0.18398530173592686,0.4221572044031816,0.23229016479994757,0.002116519281483889,0.4106404259559976,0.3329368290485276,1.3644081086529458,0.42476391966757154,-1.1698381106006135,1.159742308978815,-0.3937599118439763,1.6961720397866675,0.7474755103031328,-0.8588690440691793,0.16475295999008288,-0.6105138120309787,-0.2808392939412691,-0.2307639249812014,-0.010863832744343715,-0.9598327505769504,0.14831981682851073,0.32452266816025127,0.14873303402105936,0.5032230710139468,-0.19825113074459155,-0.2237906341421247,0.5901454136956883,-1.7550647766714333,-0.5456421089336361,0.8338480904482347,-0.6856450583355647,-0.48570696544031045,-0.23533443442350716,-0.5558896074459702,0.3668340335947214,0.13907993781453928,-0.5474520049584874,-0.5695945372692973,2.401445352301376,-0.06854104448767744,-0.9148837225189287,0.1905905207059909,-0.2788756385314051,0.5839382468264331,0.2678071826843722,0.5284957126475042,-0.5562828808626868,-0.2166877024413558,-0.6854521805508483,-0.38358998631230556,0.5817617497368593,0.7065441677025609,-0.5802626673659367,-0.2514840495203752,-0.06044305137370887,0.27320589957456887,-0.9360999197788777,-0.8376516424552178,0.21851700318949457,-1.020935081249156,-0.27379832993030717,0.0367549417619816,0.18636480874778996,-0.210610014426988,-0.21508990377612436,0.40369451487764624,0.11039141893052049,-0.3993561570420365,-0.02410461783868185,0.15937296707573628,0.8002373362392425,0.37563448795415394,0.5557431085785549,-0.34352568632206654,-0.28528062432530354,-0.13824381557217058,0.26777556763358745,-0.54959013309768,0.6114986370596404
0,2,0,1,8,5,5,15,7,0.48377365085375057,0.08737701452052701,1.3506053053556986,0.1989058138636911,2.801978056397087,-0.45369588434526764,-0.3324590836845787,-0.04287504968815306,0.11889075970124813,-0.5053433416301676,-1.409114304125084,-0.28732011439987326,-0.04805133904708971,-0.16047349698329288,0.7280797876243449,0.2194652893994356,-0.061957995648516284,-0.15523108357854898,0.4253221242633243,0.2773747180518614,-0.28091390963279905,-0.4910080737992426,4.225770086019676,-0.09509719388652421,0.02716637215686757,-0.09544949333140597,0.12104602263909212,-0.6661900834456929,-0.29202652987414457,-0.041537432918988704,0.055859875803038334,-0.03166781854947806,-0.4075029780998853,-0.8446500474454756,0.023641744060535052,-0.46889948345673005,0.585603237896647,-0.07907443451400799,0.1654240796771456,0.09693042893169035,-0.061578134904942905,-0.18750507375694503,0.41023214402880287,-0.6648177615390318,-0.6531250404737927,-0.1624716186702677,-0.620189613875977,0.3845691531152607,-0.6577230400202996,-1.2598147269464974,0.06670589014746803,2.046644553516329,-0.4833396977768283,-0.591647510500437,0.1713315490905518,0.6340788319259757,-0.2483662210821646,-0.13550124246815598,0.47927843048221275,-0.9560038361843888,0.9524399396086909,1.1578272143410409,-1.384163146557684,-0.09304257697581497,-0.39667463719346846,-0.13858190541607374,-0.23153775016969508,0.3835343338779449,-0.07588187481431716,-0.5116483951106098,-0.12224418233856074,0.23109604973449824,-0.6382764606728348,-0.8735164713458623,0.9520804379002212,-0.3426815160729868,-0.20842746011483337,-0.2311092471651454,0.25545293706047756,0.8541834172931636,0.21411907479833564,-0.8021486399497966,-0.724273257756625,-0.2583636721499063,-0.15164394595826897,-0.9125109541717173,0.37144847191496877,-0.5663494501385415,0.7260969618972022,1.2498781895555298,-0.16970442051232346,0.19801814399032364
0,2,0,1,8,5,5,15,7,0.0016891392134809613,0.3092768484762253,0.8356118975311135,-0.17068551424976594,1.5037424041017902,-0.12771150142552565,-0.4222082485877385,0.4609841656729241,-0.632931386281578,0.6763869588478371,-0.5333353602367653,2.4691818732447195,-0.5257826571449828,-0.19292222600326653,-0.3588923304271572,-0.24377226669854118,0.2979554829135134,0.6108779534265751,0.4684927856562988,0.48579554297103333,-0.11864440456022295,-0.3250564787643764,-0.09776988431988687,-0.7532514515281494,0.26936966557271125,0.08658082733521902,-1.0896869388398003,-0.5640074783749379,0.7332213432569181,0.8313482533522072,-0.406213112080852,-0.5740205756728765,0.049291042513901095,-1.3353332950215229,0.5398985137382889,-0.4850814930023962,2.1719108982796653,-1.0419425160466,0.25049606091311327,-0.3041067254456431,-0.5034676510908644,-0.7520916670451566,1.2705363263854454,0.19520875151061579,0.5360171141781931,0.3317284651917437,-0.5239942175276032,-0.23297789636745214,-0.8592404178255606,0.3072933903767487,-0.7320843124238625,4.293558984730641,0.19771314926615058,0.12022750094526247,-0.19362059455479758,0.2769614326931175,-0.054564671997493465,-0.21232620087127033,0.2914649038617767,-0.12276703861579799,-0.43016177121705595,0.2356904509081818,-0.06298720966192516,0.2001640433614658,-0.2641310504357799,-0.6107566723041847,0.8451917658954043,0.7509604900200528,0.4222955593006588,-0.2501001306977681,-0.18631058827153488,0.6648676542015257,-0.2233308155739005,-0.3666776450345208,0.8918263753007878,-0.04530701702570483,0.7444616976018508,-0.7314074995973601,0.24050152641165748,1.0033297553559493,-0.06097247373687557,-0.17496831231369914,-0.6160875030515699,0.48229024273117554,-0.4025913875119794,-0.09893959909341127,-0.6554731280685573,0.7552581288509141,0.5568888361971658,0.323769516346104,-0.6226521219896989,0.7464853484025473
0,2,0,1,8,5,5,15,7,0.199057305444532,-0.10352426545474919,0.2645867269984402,-0.046202388750736206,0.004640553513151957,-0.18599248453309963,0.1125758197629963,-0.20155586772287204,-0.02408792925486325,-0.5527918708052169,0.5029766496508878,2.7813767537596337,-0.1917703852050843,-0.0002008909251293156,-0.8965578874223665,0.6881451302788214,-0.34132644973669357,0.3862313797654203,-0.1883597147009748,1.6293402410997373,0.12473419784300069,-0.14697251924830515,3.639243849942762,-0.5875939729902815,1.3599417648083332,-0.2333246352555175,0.040999615351982044,-0.7718271282616855,0.0001967683354536405,-0.2481480419154915,0.010157418526878001,0.17833719419875285,-0.4507008877547485,-0.20413315311292082,0.051823693880905186,-0.6864662906933321,0.7277257737261988,-0.6812357437058276,0.9642894677897004,0.2757070230655486,-0.20139533253904868,0.5188865292992632,-0.6346804080506437,-1.4216998097948161,-0.5561923176797049,-0.8615787380396069,-0.34534931527390034,0.4461035063623188,0.2852125481059382,-0.9984507745805933,-0.14318182720489364,2.6085377417402866,0.10893178380165959,-0.30460991522851766,0.6513811316564116,-0.10512934802287102,0.8402618211727919,-0.42291388197797697,0.31487618051545335,-0.080615224285497,-0.1948655901810244,0.2519347334116295,-0.1805811214424373,-1.3752736310961007,-1.5686351828458405,0.6300150601783178,0.5927840135781145,0.9213252577662391,-0.028361045471410464,-0.7025121890095771,-0.24594352301649935,-0.02058381106605021,-0.5499349089327485,0.7738877346260613,1.0754604773044296,0.21767217414632015,-0.14518284000416995,-0.6796950334895752,0.7546260330974323,0.005941861172164956,-0.22043004527161264,0.19762097815746782,-0.3250673087469529,0.01455630207446118,-0.7387607716144656,0.49200827522780005,-0.09042750874008812,0.5562112591192037,-0.12112190808648524,0.2714620365606803,-0.6517363683422136,0.3584103102903028
0,2,0,1,8,5,5,15,7,0.08284731580680318,0.04422104911374543,1.0611618710687145,0.17022311671871482,-0.31884813183783844,-0.04053755016526373,0.13798656223599537,-0.20302480299720668,-0.333805496870574,-0.10992151561773769,0.3605038354434274,-0.2350091795633581,-0.03570040802508831,0.30462097526798937,-0.6393822473216926,-0.25914887567252287,-0.7935387972317995,0.3316555300573424,-0.1729486702404616,-0.01523956660746928,-0.16463921569091094,-0.5527804475851135,-0.17300535978042042,-0.887479615593327,-0.29516359918115276,0.6404468038276512,-0.500338524605346,-0.30771806575881566,-0.442941928995805,0.6532620617854134,-0.6266620742831769,0.17574769564150006,-0.1541984557840378,0.9872834982955231,0.30003409978703277,-0.6747397712254126,1.327344869273109,0.8906274619842367,-1.0233950969329508,-0.6750933283229072,-0.45639116491147114,-0.27571404801005994,0.583545162060438,-0.7949760736744347,0.3454312399702543,-0.8836009654768621,-0.32715295786098525,0.917816972236497,-0.1900871296372937,-0.919015865894371,-1.0173349984719082,2.3276063846849127,-0.44333765409011594,0.05789160599977122,-0.7409120121367382,0.35314284463580303,0.01094547100313991,0.0671986420393734,0.664000899657685,-0.2696787331911657,-0.3939027292142545,-0.3381047509955804,-0.1272576666092715,-0.08977340991310079,-0.45254998955957326,-1.0177386464802363,-0.3028097158012525,0.15756761778171063,0.04853223179642437,0.543582446902282,0.9415916702908956,0.35337081698252754,0.644844524413919,0.3329875192706879,0.810658665446253,0.9039586409268651,0.3358316187343914,0.3209785289599336,-0.12120700094927714,-0.052880184734313204,-0.24476651174143757,0.26765973926772685,-0.39238556293203436,-0.15443438937640305,-1.1951122887807857,0.8100096279878377,-0.1484592794654107,0.2046010474704862,0.7083395281900257,0.48970860967325935,0.6765941968504808,-0.6423370822944522
0,2,1,0,8,5,5,15,7,1.1302126570674198,0.6578984911188069,0.018562817376071496,-0.03711744739470842,-0.8014562443318805,-0.809482008200319,0.755021568395889,-0.9473858761827377,0.08517530852910088,0.5303970574227046,0.8728510895102516,-0.9952996484422435,0.7872881823241806,-0.47215098130941,-0.33729900364407467,-0.6829101244095105,-0.6466491539977235,0.06272572853913105,-0.7043816041001851,0.7106240792568363,-0.2901535251144328,-0.6395506346697903,-0.376830326698368,0.19188553366328825,-0.3739248683163867,-0.0211169290058528,0.214324371953994,0.8654996547995908,-0.17983887331255963,-0.5100951185080027,-0.07557383435626092,0.5475897710719995,-0.8410374025413766,-0.6219233184215653,-0.37477199218452023,-0.2551603266439838,-0.4655836828820181,1.2873092997684947,-0.6500471723170673,-0.8004667061735096,-0.08544570487205862,-0.15499633650901273,-1.105808580269301,-0.4462343622015955,-0.30391956874321724,-0.36894563974962535,0.16944835969227562,-0.17958847332048208,0.5639234489397694,0.39175058602572577,-0.7465539306055906,-0.17649973030858948,-0.0028152118620802316,0.5626367973971728,-0.34037765273282394,0.33029432505227874,-0.025902052687853592,0.718063703087518,0.5889082368573806,1.750475348133476,-0.1621356923556728,0.1890800180175841,-0.12121939541122555,0.795862590471731,0.0020339178298193136,-0.20901733622012542,-0.2521527583986962,-0.628863007961088,0.2586826427163397,-0.46620038933038277,0.5129225244028749,-0.6727635957474932,0.017204927696431248,0.5247122523878547,-1.120414494829257,0.9876645956773242,-0.04035723460402718,0.038336146828710595,0.26713369777757845,0.3308529838054185,0.06109412306353454,0.4557262256733828,0.2273238122085462,0.8215592855297037,0.24363642523566295,0.9307824405431266,0.41231743194657644,-0.9260642340819336,1.284997520028245,-0.41901108605638254,0.7021943534046328,-0.008071454659049567
0,2,1,0,8,5,5,15,7,0.3933705351303763,-0.4285634932186524,0.17125935642909243,-0.13043350266826992,0.5723627544577499,-0.36988861647811666,0.49437795054213923,-1.0958942214717906,-0.2595495638570414,0.44812947223627453,0.0613959846323501,0.2767566682778,-0.2004794687603633,-0.16802205721764338,0.47681910851934867,-1.2112524326522922,0.19195211555490965,-0.30597785818460677,-0.5044361434211868,0.4273623517894687,0.8781742476436772,0.39446287254137224,-0.18048226897173508,0.463589069063187,0.19878571187204505,-0.08190762341883542,-0.48031963495815194,-0.10203901452318564,0.39413545541622436,-0.00860003213779262,-0.6367121836828131,-0.5984238675734712,0.7936315048334244,-0.4500083810498847,0.1500153336249411,0.290387231229549,-0.6711323723451864,0.5481101631630425,0.9367263296992959,0.22428816430518608,0.7960700474084768,-0.7318958417702883,-0.09358766948736569,0.37290194661903764,-0.21928196822449472,-0.2410201626851143,0.3234288371406763,0.36411996035331906,0.11618160261919394,0.4320678720457692,-0.8339833230927551,0.27137777186009576,0.5185687099302364,0.04831750699343135,-0.7872640915494818,-0.11074787680805322,0.05037364789119178,-0.6000196740302737,-0.23660652125083012,-2.2050115682003,0.27265173064557946,0.018754720628881866,-0.8538859642547648,0.13144146827355382,-0.0654555949538323,0.25201112141349563,-0.2181114322394473,-0.42308491573324636,-0.40501923455922517,-0.32527989628483384,-0.02673905340047511,0.04768316396568942,-0.14177573569424534,-0.26205940135913164,-0.21999259652017966,1.2323942165346977,-0.35466901694213515,-0.31119754852545534,1.6283361392034807,0.17829510697791798,-0.7658381790181544,0.3783775358088306,-0.4872309888529339,0.39564946941610046,-0.1230084858769764,-0.27143324414312064,0.7663604962415399,0.2600115051318202,0.4659408995589282,0.14442382937118678,-0.26779991609278403,0.28420903391033525
0,2,1,0,8,5,5,15,7,0.4750482685866389,0.0751532287906927,0.6023216320701253,-0.06906622488948388,-0.11114752645138842,-0.4830272505275235,0.0848278458163847,-0.6394751785327512,-0.2619505266512697,0.3200417069356838,-0.23597145847043757,-0.034983429228777896,-0.006873601014080485,0.19443033581442556,0.2177619168447183,0.011668712862806754,-0.7863295809152602,0.7563259241527551,0.2657277860197316,0.13449540051616915,-0.09210994176581742,-0.30686413690869063,0.6591032704818413,0.7208108487039053,-0.013051535562041638,-0.09197206538761471,0.1757796335428286,0.29735127626305347,-0.11990267817939358,0.18169993530632098,-0.33419994729024144,0.43148162198510565,0.3461244104250708,0.12484884071118943,-0.32474702294085417,0.09080165923527819,-0.520086570051612,0.029781779345329884,0.5404520382547084,-0.5349681830043808,0.6708248832673925,-0.5516961725339831,-0.727944812543585,0.484843914365508,-0.37076440680838074,-0.26636800880760086,-0.5028737829301353,0.6278358863291446,0.2483734210311652,0.5300890685871683,-0.07423225618795776,-0.18696092148263763,-0.32701120463387495,-0.4522085931847282,0.6047663251061868,0.329027112055287,-0.39348140417930455,-0.00780367102529787,-0.20659503595483003,-1.5126839976570248,0.05783130646300867,-0.27196926894174167,-0.5072627149954854,-0.7838572395883174,-0.8191028713615223,-0.19190908381102656,-0.0648927005741912,-0.45999562044289233,0.3057727924982921,-0.08896805890211265,0.25229105360832643,-0.1177514638405605,-0.43997461439374685,0.006659158708434899,-0.6756282185266,0.24825108409955526,-0.5060963220483452,0.4269047190143654,-0.18781878810155078,0.4990552139026002,-0.6371594403604642,-0.3818509165442112,0.15825592917192519,0.5263672622269294,0.8157771079658255,-0.030852237557980586,0.8806508272211264,-0.1680214461105175,0.5288299920158107,-0.6243609149294924,0.1645225992353923,-1.1923146966469915
0,2,1,0,8,5,5,15,7,-0.8101825204107784,0.2782626284041802,-0.5392424910613068,-0.0926159875954969,0.23609025906898734,-0.9380479783358362,-0.4823903065759731,-0.2509490936626248,-0.7292495526578643,0.10196831197304536,0.004904874245052787,-0.3568270001295297,0.8196522739017749,-0.5521175195784463,0.5819223159395088,-0.5925275490856707,-0.0663343502934865,0.45251725908620455,1.53854096447816,-0.1036056433219893,0.46262470109594406,0.11074462330819967,-0.3828953428147907,0.3326396850693411,0.6959978486753092,0.19762834435906335,0.14939883057128744,0.6344005305888072,-0.7552795226954144,0.24281506301061595,-0.6220008612367827,-0.01626191997371429,1.7420442281794664,-0.3032499747471778,-0.3852655963501634,0.2575516463687456,-0.5356054104236507,0.15276984394306686,2.5072467521160817,0.048057563373267595,-0.7734371647067011,0.20482487272222513,-0.5767195848635036,0.6270658023873095,-0.38480224863780066,0.35331632062441054,1.1074309935077191,-0.2818931249862755,-0.2716012114434637,0.33681085217876466,-0.7716700465620168,-0.08860800363846069,-0.1772830149178789,-0.16725772564840036,-0.01571724192059262,-0.017742666018725824,0.03511109395892774,-0.3271327278652572,-0.3341233516372001,0.9734206997624629,-0.05337320246554012,-0.28364760679545215,0.1309754391953666,-0.9516718368550349,-0.4024342507131625,-0.14615993306513408,-0.4504028088770359,0.7922537920427113,-0.0101659979678459,0.032190051102320164,-0.277766955673729,-0.03418552893318708,-0.6540425289415609,-0.13530814490840878,-0.5127951768153167,-0.16016996859684993,-1.9826334012895983,-0.5962131484741219,0.7133722872765733,0.3829873303014129,0.5836718218913091,0.6508945686556609,0.30428216782987855,-0.2853156271760156,-0.536152819324447,0.5218369833264315,-0.005938000978556263,1.223822236993151,-0.2031028071710526,1.003019457732292,-0.12397354954411241,0.6465561224105815
0,2,1,0,8,5,5,15,7,0.7438477732366411,-0.6332223544725548,-0.23591815138307026,-0.17379172803236517,-0.8321110454663061,-0.2318370665365042,-0.08636747969092767,0.012327375859812717,0.08292422250062303,-1.085918216783285,0.5556065674179388,-0.3783690202510841,0.24867330692729267,0.11794080987931485,0.5716040066937731,-0.12433662482113064,-1.1645418647857264,-0.11047163846104972,0.6082086030377556,-0.5343865726578061,0.21073008980953356,-0.24837571689759458,-0.7843027281596759,0.36063244762494046,-0.5171108127997751,-0.24141159554078656,-0.36506878260759024,0.9517152601473942,-0.0452492999045403,0.052078638691000566,-0.3339391510107175,0.543451936639653,1.1626165893101694,0.1473112388254804,0.3282549364643783,0.05164131012414458,-0.6978883640826574,-0.26853255306453294,0.8987912107116189,-0.3539196913087929,-0.494891302036059,-1.0032578048743714,-1.0517512504073196,-0.27112271954911327,-0.17317130495179747,-0.5688235543038402,0.12730584371942677,-0.05654842321568507,0.3702920926225568,0.03322741993668166,0.005168270415928045,-0.1221485958450297,-0.7658583907869102,-0.09005302772030548,-0.6579984879389902,-0.10743544291646855,-0.419394699194437,0.16326196160553905,-0.727714658195424,1.3016337061609633,0.25521340943395443,0.38957484783235385,-0.41307826078975396,-0.03541547641384892,0.054872365197100086,0.7673671198076772,-0.7630102457368019,-0.47789648789725875,1.3826343250377182,-0.19274342998861888,-0.9816485066426359,-0.3175711404207896,-1.430852407522375,0.0700607293672045,0.3606014176216706,-0.4772993643031453,-0.08170140015558125,0.4296155334320972,-0.8936986474036286,-0.692997150352131,-0.1899054369241264,-0.41913348491321023,-0.179144992989154,-0.690756444189709,0.08962939676911817,-0.12615186198841133,0.23637325894426486,0.077010579042344,0.08279121708233622,-0.9057961502175684,0.20071812162620128,-0.1869013771209898
0,2,1,0,8,5,5,15,7,-0.28358965359478633,0.6341291918268627,-0.3218585540329701,-0.04122619675829228,0.5050988483493521,-0.1800265851475003,-0.4883732016500174,-1.1070024085487213,0.3617837747094462,0.24577134066562994,-0.3889608185485088,0.382959233296676,-0.44830678663054074,-0.40449323885043,0.14865090847034979,-0.6287093467370526,-0.15746359006779465,0.40553314676885055,0.6186089342783592,1.0664319778357105,0.8201731284686548,-0.07907313887091294,-1.2812964416971149,-0.5352057854844171,0.14641881884136768,-0.8133476983148955,-0.29712565325752294,0.4464449982535994,0.7099941288629109,-0.2752797502447314,-0.4353649283590837,0.26947752157611327,0.45072069697292605,-0.2537425836158198,0.5094556302398555,-0.47801876859750914,-0.1349913114135035,1.0299991745831067,0.6828111369301395,0.46484071837794205,0.18513556680371915,0.3272529221370526,-0.2814345898158332,0.04534234486580091,-0.3951341334697792,-0.48768251883416425,0.788976742948776,0.5211679225557411,-0.6864772841755682,0.22218488878782083,-1.5298851970526424,-0.5107255588420843,0.4156909671450702,-0.10729673420729752,0.018769896558367194,-1.5615656470681136,-0.24295609964716824,0.14141655677674114,0.17610744823684646,3.635144833488747,-0.13612325773435666,-0.14705084313421835,-0.6970530965525737,-0.1465517321040355,-0.667988652457586,-0.9301310798664152,-0.5649349004170225,0.7319972385402514,-0.15487752208696004,0.053743893501051396,-0.29289972729002667,-0.9215715784726554,0.42164076567465975,-1.1364986967886663,-0.32168730091326797,-0.04877561664379923,0.5563246384812166,-0.395446346516794,-0.9375716565080806,-0.4327581904200774,-0.45022683987613776,-0.4295128137573412,0.4528177508514416,-0.6656826735560193,0.13296229102744375,0.02761319921054091,0.4420055505635835,-0.08975510706626784,0.3750116644331038,-0.19452003828597703,0.17161860909616536,-0.772938719842389
0,2,1,0,8,5,5,15,7,-1.6464994745427297,0.22372506908294787,0.09993677333373052,-0.0899163332770716,-0.47960505871453396,0.26540246096479947,-0.22135319883734825,0.19658372410092936,0.1034130893390155,1.3329963285180486,-0.18992506184136626,-0.5304183916957017,-0.7666000383992976,0.5837678935962779,0.09691117983612277,0.15462262201753718,1.455628985397699,0.023486925405319548,-0.8943061894134459,0.053800052913897084,-0.48286426001245897,-0.2643759331416574,-0.31422055489572437,-0.27372747585235346,-0.9318894900285756,0.7580288286638961,0.015644663255148933,0.12877594269105638,0.35402769574002735,0.24824131389216023,0.02422429255350475,0.6615516701895612,0.29600803459047176,0.1584915585780229,0.3613776062358378,-0.11551014853444039,-0.26275536705604285,2.096459201130907,0.5968941493530292,0.23033939631585507,0.33360997017340205,-0.37194886057090215,-0.7823978364959958,-0.31978595131273857,-0.33986676063008014,-0.9013619470579852,-0.29461469445711314,0.32165926601429856,0.457977091009932,0.42826698086489984,-1.6427644194700486,0.09689638038628784,-0.3438987641127416,0.18181609749216376,-0.047254067879962454,-0.14971883685142182,-0.09794715456016304,-0.03893170927175512,0.6156649965827985,1.217020389643264,0.5117736847429576,0.40572999610068483,0.30252839194418396,-0.9376003725822752,0.5211152068221167,-0.23514666703150083,0.3355184251756528,-0.508611631981941,-0.6121339429819497,0.9319995804049681,-0.5146431351100558,0.546757250779167,0.012794363928066613,-0.26045965604095783,-0.06670540468254203,-0.6720154244844243,0.33408985280800974,-0.5735817012003388,-0.21631281213758624,0.43043823773242973,0.05124749221252212,-0.7840513156200618,0.39353251920457477,-0.06243116544101939,-0.28861998039630504,0.3218028325560485,-0.1218254066607527,-0.6060198411506585,0.9033510365591266,-0.10802680325971942,-0.08627025643734337,-0.22402076208406374
0,2,1,0,8,5,5,15,7,0.45891970689026046,-0.3284583409369576,-0.6244876826236458,-0.15409166385060358,0.44624849889020185,-0.13206625478882628,-0.11630657145471865,0.6727717850849817,0.1852178900473403,-0.009892911742749727,-0.11967635763398388,-0.039163072608408234,-0.43347082102354395,-0.1901630769802832,0.0404624086184979,-0.9153910502338838,-0.1973832965482099,-0.2905635378706743,1.4352871182511446,-1.1028435622731108,-0.11620380556789113,-0.3038077896648933,0.36710972844237955,0.0002161121695116383,0.6627990854753076,0.29288470278094125,-0.3388908560588075,0.3907795710705686,-0.2018256237025732,0.44258300858512317,-0.7797199304630251,-0.14057034021890302,0.5254301320697794,0.4362590544440377,-1.1161628422726493,0.3411774639332491,-0.2326449615972691,-1.2588996693433678,-2.1949572613161266,-0.7741438581665095,0.09061882935268188,-0.1001189533435267,-0.061886426485594226,-0.41760352965829484,-0.5826702637358852,-0.37883986006899906,0.10113009532554712,0.3025071948358156,-0.5695770507005703,0.6197436917210303,-0.6536955561469464,-0.6586141581548279,-0.33601862589902765,0.49269614799958583,-0.10658466474497809,-0.40063177534289385,0.4162245846451794,1.043654714837508,0.048303827692150456,4.3036561542095715,0.4870445934397522,-0.3670428126513102,-0.017677291609526274,-0.6855632773694301,-0.1396722544395042,-0.3192912045265688,-0.22378819394955088,-0.3972927310519026,-0.1631453254281054,0.2099215551218257,-0.09589755691099647,-0.9584826676243995,-0.41947607923943697,-0.8100993031399982,0.0777391504734451,0.23019050580832506,0.5800350348258928,-0.42591374090205275,0.10483604958501466,-0.26726867213679584,-0.6449605709414328,0.3279988936746641,0.37680233260952584,0.41556645605530484,-0.3217016462078638,0.5381458369481225,-0.2850131138362853,0.3035614895714543,-0.27601015004901314,-0.2234168766470219,-1.2561665828908295,-0.17242478342722659
0,2,1,0,8,5,5,15,7,-0.1414976704722558,-0.25819590021974437,0.5856588476973976,-0.18099152534052276,-0.4989294198891573,-1.181968109259464,-0.27462929689390586,0.5018507457350971,0.574797097110557,-0.30359068936439204,-0.37864573038933774,-0.7823862628780828,0.6356153470680157,0.36808659372319263,-0.16678517368254064,-0.7699575290830539,-0.7560544179923869,-0.053720719995533545,0.9567205625196665,-1.258350385683915,-0.07900102260471291,0.6603615480499493,-0.2216803568335635,0.7730279733557494,0.0892748271269648,-0.5803617885899308,-0.28011500563997593,0.18328993636049035,-0.5010470030645975,-0.47288417670002136,0.6397632222417613,-0.22226867562592784,0.9694687705235535,-0.394861409100281,-0.02799820914463598,0.03491310885697921,-0.4046288638412886,1.1505737120668609,-1.1382084414515254,0.25564827229930115,-1.2816704698320316,-0.18059329778831315,0.048634848818996546,0.16828771215137486,-0.6577282503088974,-0.757128864285311,-0.316089620807306,0.2784351785133191,-1.190961296086219,0.11510358647456222,-0.18728248338489736,-0.36527406742786783,0.1978376128616432,0.06713813931138425,-0.3110135679740961,-1.021469703937753,0.019877250206319044,-0.504257237751854,-0.345708801893096,2.4452314236979684,0.677672309869533,-0.08325299854314827,0.24603803637529276,-0.7665306330938818,0.08556066923883057,-0.03614898880228803,0.5922685749513575,-0.2925744533761126,-0.14041572991150714,0.4732124455557659,-0.08216849788832337,-0.580716759390341,1.2294008398548675,-0.5896960085292388,-0.07664100329220062,0.15187590179403793,0.5901068500241337,-0.12708339625555845,-0.11097110024374746,-0.14967747739633597,-0.6338147753619926,1.0321435410315634,-0.1422070031090486,0.23958421192509968,-0.18485377503243838,-0.22891715557615872,-0.2659438195070767,-0.7981120651924276,-0.1008643892260602,-0.3255932878378976,0.5401846003961537,-0.6198182350110264
0,2,1,0,8,5,5,15,7,-0.5099705520719656,-0.5570364870228843,0.4706778002639138,-0.16469677839031202,0.06401112102587397,-0.04863687510667902,-0.060469929673919204,-0.7022612862054896,-0.9418064613740792,0.7519795542408665,-0.6285452284568351,-0.0078086330511691615,0.03964720871866212,-0.0038493675794450677,0.12199813023479653,-0.5387433231385648,-0.5904872247716316,0.21842812186237112,-0.2215593000289895,-1.7382434195173404,0.5205248588708867,-0.5583913299780937,0.12064218543420589,0.7242271069560543,-0.22686700871990323,0.4596609276595135,-0.05688051869594689,1.1499656922324948,-0.5558447733963973,0.008381375682631986,0.22295972870321473,0.19612563308151154,1.0220784366501139,-0.39263893967316305,1.0195070316113943,0.6229819898087781,-0.07424814771559976,1.1355346372519746,2.443772305219931,-0.5951867875959693,-0.6335662892691585,0.561039522489733,-0.24149240740374947,-0.25611256386770787,-0.14141263410021357,-1.3653174024205872,-0.028361137646893006,-0.22900425588582493,0.2840411157431738,0.671375717190246,-0.05465705321997433,-0.02602615259280519,-0.8134962455250166,0.25059760014671933,0.27451253448704355,0.5692213030763571,1.0122756156360062,-0.8739998919226694,-0.2507759022714301,-0.5623319843999808,0.05525921234489459,-0.05752200771312443,-0.14803541838771533,0.46951121818315034,-0.5879082268490785,-0.5267567536600098,-0.5344578509107545,-0.20250900907472774,-0.6338920292862449,-0.08048053241026677,-0.11889669900643207,-0.4195536257462466,0.390467330237904,-0.0801498910042405,0.4870327194984631,-0.11899310182098469,0.32459015587751117,-0.31360274659321447,-0.0221141852483357,0.32390410881366494,-0.28151496220145555,0.2162399150875311,-0.4385850247752307,0.3206439982746566,-0.30748025984759936,0.3743046172161082,-0.007733716955419006,0.7372876954977294,-0.59758768229278,-0.9224711499999008,-0.35368627718401824,-0.7137736502359253
0,2,1,0,8,5,5,15,7,-0.9541799617582702,0.3730281750062201,-0.059658778278779453,-0.1430269442141433,-0.41062009998991045,-0.9960235999190638,0.8607125435000449,-0.3816086395567737,-0.9193844138115046,0.7088833821221122,-0.14284738782164297,0.8155649058278174,-0.2806301655887037,0.23057648014343732,0.4273043916115053,-0.3325758470306157,-0.4741835192187789,0.23164782027762218,0.9822658321227724,-0.7984310255681146,-0.5778260067408498,-1.2471446017607728,0.1847676734709804,-0.10980967891825912,-0.31632344783851807,-0.8839440370231786,-0.6828305355087112,-0.01344746607053493,-0.3609540190917546,0.07146445075043617,0.17811298949838794,1.5040380352861176,0.18623532036503498,0.38108216163069997,-0.4301649326929371,-0.8080928973977373,-0.31224215109446485,-0.977684051166485,1.1417792665596065,-0.38246909140985014,-0.9934866733271654,0.8008426384910042,-0.6472675003929392,-0.961669592349912,0.20832785587100214,-0.5366038475081951,0.711439765282019,-0.21838698547040328,-0.445443546195766,0.3126491518826975,-0.04638747993287451,0.16048639167792328,-0.10969344052954724,0.21958442092557395,0.33262786518706183,0.046909545475416925,-0.11815834721124048,-0.7503670292524302,0.24304958892767103,1.3692806860216447,-0.23780230802299626,0.5746602449736863,-0.7449111983043004,0.7777271951650067,-0.0483377605759195,0.15256306928774238,-0.2198672726268688,-0.8558816716233993,-0.08940187056321161,0.1111776654357648,0.3019611215102984,-0.1253126679661573,-1.142685717392403,-0.8212302991521848,0.9817188493642082,-0.5677361681048265,1.6450604473684405,-0.4992549129611568,-0.10981886984452721,0.2803925855475937,-0.4859450693567434,0.753141501699726,0.005652634781845384,0.1715441386633868,-0.15133085020119857,0.2778248241101284,0.7511743817526797,-0.08883214000940941,0.8443025762089426,-0.43980734233088054,0.3364703654796202,0.2230889919027562
0,2,1,0,8,5,5,15,7,-0.78095284250595,0.12353624341522028,-0.055426695333947486,-0.16379511279125786,-0.03813758424013114,-0.5466117100274497,-0.022763088621059045,-0.04814452026459782,-0.2619174768397387,-0.07828451899360017,0.022450096567001525,-0.5257790447630155,1.3108773995433636,-0.8970822324676165,-0.40616231230537675,-0.3247789832180842,0.9175235718980077,-0.7991027701765798,0.8333471038204411,0.36551670950639564,0.32575199781663855,0.48500047873106655,0.4949889263551234,-0.20514172063489197,-0.1382395126038816,-0.970273004248324,-0.08423285470308342,-0.1914643892992987,-0.11798243199810239,-0.8309627524173175,0.08881506954201868,-0.6046474806474449,0.3062399622592036,-0.7898719664290476,-0.4399990617709921,0.25836176298599456,0.04049416983405746,1.7218421200888454,2.8509147522530043,-0.3784863973127835,0.9416650683729875,-0.7999227625285351,-0.005436476567797555,-0.38952879817779884,-0.5125917767284293,0.13493826741366874,0.6275579454738422,0.6723079889085601,-0.06756475661697134,0.1952024975755572,-0.07956387743497834,-0.07187343923378045,0.20585504862810744,0.057275790703639376,0.3812054739785335,-0.8669789270832219,-0.11246602812228551,-0.7196428020596581,0.08181351934011893,5.3085348740291085,-0.26803677282112676,-0.0005969216735361577,0.3472489756131769,-1.078152428400699,-0.29825636233078057,0.1760618096727183,-1.470842578190371,-0.5107494618992199,0.5308320653603229,0.44530366221473094,0.1510075119940515,0.41480275122488214,0.06113632042053794,0.2272978268602852,-0.2021178169377457,0.036438165242277706,-0.2287816311123062,0.5995301278387977,0.7421887897705075,0.6577448560961784,-0.2799022269052377,-0.5198530858623447,0.6062752861227215,0.21307231680925823,0.14676482457018555,-0.3683513618709898,0.17460991814613092,-0.5658282010287696,0.29647735887384047,0.6714059567931732,0.7699451177577413,0.3327938508361392
0,2,1,0,8,5,5,15,7,-0.9537866160442625,0.11345258710117322,0.7262404696128066,-0.1646524712670268,-0.2467295877923029,0.21934598589816223,0.3309032501287631,1.2262223765072968,-0.6049501124682515,-0.4990471784405901,0.526487816800245,-0.8017612527168932,-0.11591134060040419,-0.2252388821647469,0.40420046300481377,0.23522605308300956,0.12580932182417032,-0.34025088413866356,1.622159255513801,3.0157397515423283,0.5468075434346956,-0.036864715784762025,-0.761857239014501,-0.29916068954775393,-0.3421033543245291,-0.3055221083058183,-0.14181827622747206,1.257321358748876,0.5987922396667729,-0.06699625506773621,-0.7177610461504493,1.0083946840902367,0.16553080396666842,-1.0398693827189502,0.3410365150434683,0.20972687680685512,-1.0901842666246493,-0.21785811289823442,1.0033638417537554,0.4098239653111019,-0.18735639617505312,-0.4832408854260526,-0.014902019000107958,-0.37702112753489264,0.06791999231714343,-0.7280544937258479,-0.6994472564442429,0.5858679260628767,-0.04873474590576041,0.6313347544791235,-0.6092936707456504,-0.6213081282322486,0.6155365726055726,-0.8062033218489528,0.5855439163156639,0.6068773299331837,0.3832154665539452,-0.3716233136420891,-0.46479940782500306,0.7481886517479914,-0.6785142202633423,-0.5450699361989422,0.2913727639068805,0.28038359459464207,-0.5619885345261648,0.3318649476863305,0.20480643750816965,0.7325979119268174,0.264971299603439,0.47309573885655754,0.202387193774107,0.4636684861018874,-0.6899743750740814,-0.11127185541632877,-0.06378234663120366,-0.14334314968640988,0.7504920660154519,0.2849782829955164,0.17753762355498076,-0.12068348486302721,-0.44371288598886904,0.505626970898316,0.1426548640545574,-0.5681882136861524,-0.11437111701644756,-0.9231851582520976,-0.02053668099853007,-0.12237914249710022,-0.3077872943433444,0.7862482451325246,-0.623654713967291,0.3317282996223989
0,2,1,0,8,5,5,15,7,1.0140479038355963,0.6518761073070517,-0.0696884393290829,-0.17941255543459747,-0.8981698896294221,-0.8837889953891359,-0.3378144145026178,-0.37362924021432153,-0.3880099677984886,0.10126922255756038,0.18300054911156827,-0.8227200483123399,-0.358649244258161,-0.2722516511461993,-0.2115368703997818,0.8463039227770975,0.013400161097667784,-0.9458303511675424,0.8256088119122101,0.5740793833833053,0.04224455438355572,-0.6397172338699313,0.7661015941383107,-0.5171160095256893,0.09513786585708969,0.061803276359715636,0.16662591555083706,1.2172386617187745,0.2560282170526734,-0.26709454864550786,0.43937506374646146,-0.03817322854243932,0.31713040565936174,-0.8231609739256679,-0.531819157871426,-0.1574691917967632,-0.041978544508696786,-1.0805468751346043,1.675646092605024,-0.40285207317330923,0.8187814123640016,-0.2431521488513385,-0.940297778615242,-0.10495766189818695,-0.507046251799933,0.46217590447801027,0.0820216929632874,0.09588775096537454,0.1209058084011366,-0.43204837397311985,-0.9875739979491867,-0.019579687271557483,-0.6146582251692873,-0.5947290167264461,0.3781915773357954,0.20915703118396203,-0.673744061805548,-0.3372875766075333,-0.5084032674354835,5.639455811123991,0.4220108319376617,-0.2746453598247808,0.2571029628241038,-0.7223840554828511,-0.37352419685343313,0.04623561300723631,0.20377015921122307,-0.07107477811845632,0.10440983402679122,-0.017026558034068363,-0.11794030270215733,-0.17436886484215347,-0.259548233129086,0.06556912745342197,0.1611168320822893,0.0777114074406483,-0.7257868965858046,-0.5316754698239529,0.1808499879934402,0.7036251060830806,0.00035988471307107917,-0.24880027241829814,0.07995868346902768,-0.6272919957431624,0.6369442320765961,0.041761752855597176,-0.3729505947775257,-0.10658690424423979,-0.28407193519748336,0.6338813284744396,-0.14669769891976436,0.05621469683902766
0,2,1,0,8,5,5,15,7,0.1246330881850905,-0.46055771433879195,0.012883363165135449,-0.101096154524072,-0.9941782118475049,-0.4822959129303438,-0.00900816492038143,0.05112736032274294,-0.19487539989305436,0.34573390660726877,0.5791176170512823,-0.79357564462368,-0.1886035139418461,0.14089370474645954,0.12666866017580827,0.1577948457414282,1.2740654725724077,0.1680323168705228,1.5381217517420196,-0.024195112903478172,-0.4940690565380298,-0.22693448167738417,0.24305433215328132,0.22723031733172172,-0.03362255205143716,-0.14539418157081588,-0.32068066837053566,0.15447031158824864,0.3374465060647623,0.43324015447080566,-0.6167418986531328,0.7026731388959919,-0.2634776662591336,0.05784165600275387,-0.11116141543429384,0.41328150953497655,-0.33691779066291316,0.7679985513614536,1.7965599298679518,-0.43136998557126294,0.06083303955158988,-0.20046237675065304,-0.6353933855432358,-0.36272144161943287,0.2926405956596816,-0.47157203361871913,0.40889570619197957,0.3477923933292,-0.8734847589519552,0.40883442451722946,-1.0497537751637767,0.09029043709020407,-0.31841869273030676,-0.04054031322349165,-0.6873264130878178,0.007816137994400077,0.4166459184062174,-0.4312022691481755,-0.3601210325343289,2.3848945458371773,0.2088147799758271,-1.2813125860263972,0.976708800043744,0.21998577925672919,0.3112582099677941,-0.07796624329471527,-0.9500219696378558,0.31501581526338573,-0.30219093544576486,0.21577105908103844,-0.145552136822363,0.0927236208114821,-0.43391398749481624,0.38179484447859374,-0.6384804822462747,1.1013165364508262,2.3828881432309896,0.7841382484808962,0.6191485779066617,-0.07448572336917877,0.5074255068072976,-0.09105431531786487,-0.8089703153750135,0.6927194225288958,0.546884885269617,-0.06720487322613466,-0.6508141168378266,-0.3162895094872891,-0.9311266116094304,0.4292280805861584,-0.8472321376283249,0.1219472588545694
0,2,1,1,8,5,5,15,7,0.4652568508549472,-0.5333214361143559,0.14398828447320813,-0.06343701779901029,2.103696112589353,0.22352952497805162,-0.21705749827090276,-1.207676889980701,-0.48627479334185497,0.7079716639501554,0.7507715214089936,-0.1574588359691489,-0.42944172914489187,0.29608567535225133,2.5184107523000807,-0.32910244084063695,0.016093798256583663,-0.14541347042845496,-0.41117590186295117,-0.4468693895916661,-0.06411157991974553,-0.9312311786433085,0.11293891929333727,-0.3074625918229718,1.175549565099321,0.6537592949120274,-0.21787538157752423,0.1851768760582964,-0.9208076469597585,0.8473321965380753,-0.09977676327948266,0.2643696644198924,-1.1606001523484575,-0.2247241008641612,0.7131658812550817,0.3298032117077929,-0.06290532486616604,-0.01259028073059748,-0.11632277482941325,0.5290329306886632,0.3917678017421913,0.5967165133180252,-0.13723591617937672,-0.04791754193061992,-0.4694083833145695,-0.7518482129223534,0.014709295055311877,-0.7791406692578939,-0.5108891510531051,-0.17998957763248552,-0.9148550592720737,0.16149562993552125,-0.30399156541056316,0.5348242821953743,-0.23655522738943205,0.26257980947095416,0.04295189630736053,0.34423138172037826,-0.0015640433885097602,-0.8824796901768546,0.4734023877734235,-0.10806439805109742,0.36376365682976397,0.3008322759169918,-0.42384936176435756,-0.4635937225513552,0.3053323353627686,-0.17396973006699118,0.44861771840292675,-0.1452952594421431,0.4755532870331455,0.18535617335784424,0.09757170006688032,-0.23740522623100924,0.07192284451331954,0.5749581812575859,-0.16685869598673186,0.23337567758956862,0.004589123144259598,0.030090477120352642,0.7858575324028428,0.5578989493399745,0.007490363345499067,0.04834575948156897,-0.36846259796712016,-0.13802109253089356,0.11647690560205601,0.40211762358676173,0.354056629289784,-0.21506763699958564,0.4429137111430809,-0.06585501590754521
0,2,1,1,8,5,5,15,7,0.4212236323356556,0.6728383643879297,0.7624308061185803,0.038864768826392594,1.9609042443603353,0.9027116992798325,1.3317117754895214,0.35017847698060717,-0.15976269922056385,0.8137793334464629,0.2418008440991805,-0.4585840412175076,-0.5323398823703408,1.0535347034441127,0.7244835939615075,0.09308974606986571,0.26898028537487073,-0.4222563891862279,-0.6848235631636909,0.009136217340258546,-0.4774659434009864,-0.36973921758338874,-0.7845889719995531,-0.2014843521802825,1.7709499260198573,0.26474426565114645,-0.5279583444006823,-0.6879169130093751,-0.016909374141948083,1.3630301018680773,0.08896649627875644,-0.9533755973639921,-0.03171188947521053,0.5745585657202246,0.08739379945146403,-0.30433846866991854,0.15605221719895973,0.8435187123479373,-0.8522724582486012,-0.23898997612403283,0.002497679260060115,-0.0192284548015524,0.15568675859043493,2.3021704568844563,-0.3141551436043465,0.46633311236747105,-0.28587438244297697,-0.7612699998675876,-0.5095861925836702,-1.337862297003063,-0.20510646432200952,0.8032446672435454,0.1642948674780479,0.29864973722912197,-0.24670210078187596,-0.17554171944484326,0.44549145358753867,0.9766272650080451,0.6874364784360865,0.3518413308587783,-0.013419092152388047,0.04063652031151796,-0.4077480415617697,-0.768374723168765,-0.6006003001386572,0.018703997297261944,-0.16834134607507198,-0.7570660677215766,-0.03825861085518982,-0.21540995024360396,-0.6225760293330388,-0.21138557405674188,-0.20689229714836602,-0.3587181968231054,0.4190441198705311,-0.9729189572654248,-1.1326504620105575,-0.030568652027813132,0.029472679715559526,0.1698960237571284,-0.34533460020585355,-0.5019279687259669,-0.03586961059983383,-0.27967035216044617,0.7580083561362115,-0.2136489443610129,-0.06481456403079047,1.214519898601169,-0.11793393253101897,0.6176403235522149,0.27757706249694175,0.3442326456403385
0,2,1,1,8,5,5,15,7,0.813465386998947,0.17408824010954316,0.07430400981844014,-0.10490146831403961,1.5379488624894688,1.3236253789728978,1.1985717261548297,0.13810322537706296,0.6724769138254663,-0.6257124954044271,-0.4212836777407003,0.27010298351090234,0.7260562505374598,-0.14938768919582035,0.40469455769512286,1.0187799660096544,-0.05459251037977471,0.7726455411623592,-0.023340908183625927,-0.06068287543301293,-0.3635174595924484,0.028490460305526544,0.565963021633579,-0.5796213475688569,0.6893493961839889,0.41931727401485824,-0.19855367785621195,-0.4057266891128046,0.47997985791685677,1.6342403057146282,-0.33844211915358835,-0.5911124111893643,-0.7848615086706288,-0.6243596251571223,0.04690407186364022,0.9402426719633342,-0.4597481468093103,-0.536446735621155,-0.7410992366685831,-0.026322378581938588,-1.0019899389579876,-0.5729585492191824,-0.9315252473818696,1.4011858591552993,-1.2579135618321025,-0.15643206697078235,0.5927154548239759,0.25051537775517985,-1.077948485653778,-0.28011398162750856,-0.8374828184751568,-0.820323494847505,-0.12155784835991974,0.569421638614845,0.2596429988355306,-0.41094548804944825,0.30568770812590884,-1.1495737210777048,-0.4330103886789436,-0.4627267563558581,0.008165964021823052,-0.16563691865214364,-0.10172992865758497,-0.1316507275705058,-0.02599750076414318,0.2638694635154051,0.052320297689458034,-0.16452112366401347,0.18127721857206933,0.35686698381575044,-0.3141645470523133,-0.05599743408304451,0.5345374847330993,-0.6017799654945504,0.8580601356105331,-0.6910456635885565,-0.31243327225744033,-0.507306542690365,1.075372583454095,-0.2838865586759342,-0.3262684243305729,-0.2283404361497606,0.015589859694615023,-0.2231021739387036,-0.08397074850283538,-1.8161402959102857,-0.00964207017133787,-0.014285860454479824,0.4987305795405213,0.9940923650923705,-0.13943168489213353,0.3866463646182089
0,2,1,1,8,5,5,15,7,0.3860157961893826,0.42443657045461686,-0.26538596344192644,-0.20911340179304444,0.9739262334291977,1.1139778369854625,0.45789971585752953,0.7343882881039346,0.060904012741548,0.33280101123489403,-0.6171076192593137,-0.09115760283652374,0.09081406813807145,1.201277004391682,1.5483770102242118,-0.4415001998405226,0.33743034078202105,0.726792851974867,-0.41867127794958137,-1.1013890548182466,0.0388877684143947,-0.6083773074756623,-0.17847718149606906,0.18899008153440117,0.5840249324826744,-0.1726479738440877,-0.1838391174323412,0.41512983495590855,-0.009756416961053357,0.46467691295089264,-0.7115603143880767,-0.6276807143535366,-0.7453381110640017,-0.9577709133798531,0.30258945126395553,1.4285567514395752,-0.1446370752058877,-0.03163012768251275,-0.11451622959305308,0.047357385945998864,0.48191715109093625,-1.3700642282026974,-0.07407606245751885,1.5247622730990948,-0.561775082324259,-0.15419534660863918,0.14830343778930305,-0.5457389962541899,0.5789650075530659,0.1341743436975742,-0.4022792467706464,-0.3227785623547653,-1.4899849237655651,-0.20797503829698072,-0.7168208846299117,0.05723974719230344,0.029606064980908467,0.3202083228765238,0.6417977465117722,-0.0639156988412169,1.1092137741139554,0.05200278578780816,-0.686102578705959,-0.32532690007249637,-0.2235744714125977,0.28986755561298255,-0.49597016547638373,-0.1713331567664323,-0.1001170617283651,-0.2802551918384033,0.36955608914886057,0.2943646254859713,0.5368677707617855,-0.21591221741647182,0.5569728213065122,-0.7034667192072916,-0.8339431171500006,-0.6391123872979657,-0.013985068664548704,0.5689775140365195,-0.3769188863861216,-0.2813127686620196,-0.1402205219070289,0.2275327772073793,-0.2563399978689226,-0.31824379835666766,-0.7109196198510968,-0.3090497267863628,0.5681770573019908,0.38502489519190786,-0.41550490932019235,0.5966038101456984
0,2,1,1,8,5,5,15,7,0.5446836321226467,0.7093192088345202,0.7323034539642713,0.0032998332648781657,-0.4749659418312391,1.4106834490180238,0.6062752681068387,-0.17579929809555045,0.7107051596736675,0.1600268524715727,0.3644415743023793,-0.5349958329210734,0.1417093601955601,-0.5407223735526318,2.195644589928226,-0.08338061574320758,0.03778149247914511,-0.21221030710806527,-0.2522639771157027,-0.6178886036030875,0.18444309157961714,0.3020649079211311,-0.3912599329734634,0.18771617091870618,1.4844204088089898,-0.03417308249782265,-0.8970772256464064,-0.7436680469403347,-0.4152821945936294,0.01301134157240691,0.5903942911352884,-0.5134440605934804,-0.19560463491807312,-1.2717370795516871,-0.9271139717132499,0.9150092912281049,1.0861603435609517,-0.5277818711949082,0.22332195551541562,-0.4938035108760243,0.16492671544703172,0.5401719900073815,-0.12980703745608485,0.015093776048079932,0.3524884902576301,-0.14951775568175482,0.3185559922433458,-0.9288260595726145,0.5283424034161206,-0.2925051451756809,-0.1256033571776001,-0.15794082127778863,-0.3175603621631335,-0.045565345099203645,-0.2614815572693316,0.4263980075143849,-0.14835787411342358,-0.7759731690338149,-0.8962493569569653,-0.9141400601654449,0.27799099692932816,-0.6399750925088659,0.11904850607164089,0.02399629622827016,-0.06955541871357525,0.2130065817274779,0.056806553183529715,-1.3772100867522092,-0.18140954175456686,0.15635677902108402,0.7839898036865006,0.8169327395445422,-0.7279910535828222,-0.2252622765172586,-0.8273483693714377,0.7384743613362728,0.3666771374192034,0.1430823991792283,0.06445651564951162,0.6581040059223788,0.529814751313763,0.5360562821482595,0.1961283856387697,-0.23349543424352937,0.366035069817143,0.3564856332291403,-0.1335407229682314,-0.19881363061492296,0.5461028156134293,1.171619945337473,-0.4202755446536179,-0.15315651394275595
0,2,1,1,8,5,5,15,7,0.832346715947357,0.30188480425067277,-0.2400865891066565,0.316175028062718,1.644523922376154,0.8239267403103893,1.5929072825881416,-0.2383865983575504,0.3125751665297589,-0.8177856555499153,-0.37720283676763006,-0.9482857005488067,0.35639733090494996,0.9735554642657511,0.7263381014884448,-0.1221197848385378,0.27801007233023434,-0.7069334886327792,-0.02468563309526052,0.16598188663364172,-1.1019090544661205,-0.10031810759857812,-0.9499569851492042,-0.13647218455354151,-0.13237790649481762,0.6774013014727555,-0.7123398860402218,-0.8894266519850178,0.04188485178031366,0.8756622133479612,-0.8659236881494856,-0.4343880756059124,-1.176373641943352,-0.6947396562093353,-0.3027876794134421,1.5165785237529208,0.7309027420453663,0.37293135040541914,-0.28521394692191976,-1.467506429436122,0.3585287023016499,0.6681169351732223,0.7050752146176323,1.4560838981670265,-0.9512981689739781,-0.43495016805276,0.7398606463231017,-1.294566380212338,-0.7489153151395602,0.04195699313965573,-0.5585767926876933,-0.8146330380946869,0.6991627181966251,0.18580404922085214,-0.2310870204632375,-0.6262624417577657,0.9768739913508766,-0.039945464510168865,0.6421265417724237,0.3960357882994872,-0.2914451626792596,-0.32069349431703437,0.6921630671193173,0.6869677037925523,-0.9756591093190539,0.2686941105273894,-0.0829526177235432,-0.5390067968309873,0.11127612602827694,-0.7309931835038287,-0.2693792790140486,-0.4255329351316904,-0.29631142886819317,-0.08613887369186753,-0.552074293470182,0.7651213382178801,0.10689065004199064,0.8650699699386684,-0.09863089951960317,-0.3066065254009128,0.8033599611802076,-0.33199593611679357,-0.12135755524692246,0.30114242076220926,-0.6363902503402749,0.304112022998408,0.2534515449100498,0.6114734878211141,0.424468432339395,0.989551067391455,-0.10078860445043987,-0.45280333557229907
0,2,1,1,8,5,5,15,7,1.372875765205941,-0.5769706172067482,-0.6965743559367085,0.09046213829375845,2.9719504360864195,0.7098430213465261,1.0465220847251,-1.0117571494712347,0.15588097689813044,-1.1280984446107305,0.09917787847348902,-0.9774376018756326,-0.6564367692079596,1.0622210929334788,2.811601424905234,-0.1513919850442222,0.18236311678999392,0.12985863824871594,-0.23448299654275823,-0.7311257580388549,0.07167368767982157,-0.13623926506204648,0.3340864480267086,0.07107333977836279,-0.13755467086477235,0.30694809251233807,-0.13446989907821863,-0.40127438169536395,-0.17210913761470026,0.7373851141631829,0.3308008156096954,-1.4063530419733472,-0.6773670781217214,-0.34100561225362014,0.7916968799164501,1.7050414346189358,-0.8144495185312344,0.4972137711178758,0.4661330568010386,-0.8408564700498654,-1.3214657329463353,-0.10328074561270563,0.6462190891185113,2.8661548454200263,-0.7919604189853768,0.7036928860929301,-1.3410127509580863,-0.7702269197949149,-0.383600035672241,0.14684973001916513,0.30615406268496054,0.25335635072432167,-0.74009789553783,0.38658557604774313,0.21433454602209748,-0.8889922164478034,-1.0803362049799359,0.491275089873523,-0.14658713995194567,-0.6933720302326704,-0.13508034620202683,0.11779760373445754,-0.07241994518141606,-0.8202840390804796,0.9055773305233683,0.49591296453023925,-0.190033941198467,-0.1698925433128781,0.16014677602626626,-0.6210054858807973,0.12518661657748573,-0.6916622871770894,-0.08168290521277691,-0.6346853767893015,-0.6033329536807961,0.8013931305903361,-0.11013801951279494,0.07149169844822476,-1.0242808455212549,-0.3307124235128822,0.15475821328586709,0.05410206679395146,-1.1092264549292128,0.04468767384209252,0.165752055583209,0.5903456797009328,-0.36583754764142296,-1.1442235312656377,-0.5189391950682533,-0.20897062848160908,0.3227767846937523,-1.3798364704164277
